student_id,age,attendance_pct,study_hours_week,practice_tests,sleep_hours,quiz_avg,parent_education,final_score,grade_category,pass_fail
1,18,89,13.0,5,7.7,73.1,Master,38.4,Fail,Fail
2,17,85,16.1,5,7.3,77.0,None,62.7,C,Pass
3,18,89,13.6,11,6.2,74.5,Bachelor,45.0,Fail,Fail
4,19,92,14.5,7,6.7,77.6,Master,75.3,B,Pass
5,17,88,21.4,8,7.1,80.3,Master,60.7,C,Pass
6,17,88,20.2,5,6.0,88.7,Bachelor,39.3,Fail,Fail
7,19,82,11.0,5,6.7,79.4,High School,63.9,C,Pass
8,18,83,18.4,9,7.8,69.3,Master,81.1,B,Pass
9,17,77,18.3,4,8.4,91.1,Master,37.0,Fail,Fail
10,18,100,11.5,6,7.0,75.3,Bachelor,78.5,B,Pass
11,17,78,18.4,7,7.9,81.5,Master,71.2,C,Pass
12,17,82,20.9,7,5.8,85.6,Master,79.5,B,Pass
13,17,82,11.6,6,7.8,83.6,Bachelor,66.0,C,Pass
14,16,95,12.3,7,6.7,90.8,Bachelor,58.3,Fail,Fail
15,16,86,19.1,8,7.5,85.8,None,60.5,C,Pass
16,17,98,16.5,8,7.1,75.1,Master,79.2,B,Pass
17,16,83,17.4,5,8.4,98.0,Master,76.3,B,Pass
18,18,90,16.7,6,6.6,83.6,Bachelor,53.8,Fail,Fail
19,16,81,16.9,9,7.8,80.8,Bachelor,80.9,B,Pass
20,16,100,10.9,8,7.1,89.7,Bachelor,35.7,Fail,Fail
21,19,78,19.2,4,7.2,84.0,Bachelor,45.3,Fail,Fail
22,17,90,19.6,7,7.2,85.2,Master,77.5,B,Pass
23,17,93,14.7,3,6.6,98.0,Master,48.8,Fail,Fail
24,16,91,15.3,7,7.3,79.8,Master,87.2,B,Pass
25,17,87,10.1,10,7.2,79.5,Bachelor,75.5,B,Pass
26,17,87,17.3,5,7.5,82.9,Master,71.8,C,Pass
27,16,88,17.5,5,7.4,90.6,Bachelor,36.5,Fail,Fail
28,18,87,15.3,8,7.9,69.9,Bachelor,40.2,Fail,Fail
29,17,96,19.4,3,8.0,66.3,High School,43.1,Fail,Fail
30,17,100,14.3,5,6.5,77.3,Master,41.9,Fail,Fail
31,17,84,17.5,8,8.0,68.9,Master,71.3,C,Pass
32,19,77,11.9,5,6.4,78.6,Bachelor,92.8,A,Pass
33,17,87,15.4,6,7.8,86.0,High School,51.6,Fail,Fail
34,16,100,14.9,8,7.8,74.9,Master,47.2,Fail,Fail
35,18,82,16.3,7,5.8,70.6,High School,44.9,Fail,Fail
36,16,100,14.2,7,7.4,82.6,Bachelor,68.1,C,Pass
37,17,100,15.0,6,6.9,88.9,None,52.6,Fail,Fail
38,16,84,18.4,7,6.7,68.4,High School,69.1,C,Pass
39,16,93,14.0,6,8.4,88.6,High School,57.5,Fail,Fail
40,17,100,9.9,7,6.8,88.5,Bachelor,78.7,B,Pass
41,18,85,21.6,6,6.7,89.6,Bachelor,49.5,Fail,Fail
42,17,86,20.3,6,7.4,91.7,Bachelor,84.3,B,Pass
43,17,83,11.0,5,7.8,98.0,Bachelor,35.9,Fail,Fail
44,17,80,17.9,6,7.2,79.2,High School,94.9,A,Pass
45,16,83,13.7,5,8.2,82.9,Bachelor,45.6,Fail,Fail
46,16,78,16.4,4,7.7,78.7,Bachelor,78.7,B,Pass
47,17,88,16.5,7,5.6,82.0,Bachelor,50.6,Fail,Fail
48,18,82,14.7,7,6.9,94.3,Bachelor,40.6,Fail,Fail
49,18,90,12.8,8,6.9,71.2,Bachelor,94.2,A,Pass
50,16,76,13.1,6,7.7,75.1,High School,71.0,C,Pass
51,18,91,12.3,7,5.5,93.0,Master,62.9,C,Pass
52,17,95,12.6,8,9.3,90.2,Bachelor,83.8,B,Pass
53,17,72,15.3,7,7.7,79.1,Bachelor,89.7,A,Pass
54,18,91,13.0,5,7.4,88.8,Bachelor,57.3,Fail,Fail
55,18,98,17.9,7,8.2,84.7,Bachelor,74.9,C,Pass
56,18,78,20.7,7,9.2,94.0,Master,47.8,Fail,Fail
57,16,100,13.5,7,8.0,82.6,Master,89.9,A,Pass
58,17,91,16.3,2,8.1,90.2,Master,71.0,C,Pass
59,18,82,17.2,7,7.4,98.0,Master,65.5,C,Pass
60,18,88,17.2,11,7.2,86.8,Bachelor,44.3,Fail,Fail
61,17,92,15.8,6,6.9,82.4,None,86.5,B,Pass
62,17,89,18.1,5,6.6,87.8,High School,86.5,B,Pass
63,16,92,17.2,7,6.8,79.1,High School,88.9,A,Pass
64,16,81,11.2,7,6.2,98.0,Bachelor,74.0,C,Pass
65,18,89,18.5,9,7.2,83.4,High School,44.2,Fail,Fail
66,19,77,18.6,4,6.0,79.8,High School,60.7,C,Pass
67,17,87,12.8,8,7.5,75.3,High School,91.0,A,Pass
68,18,81,15.6,8,7.3,90.8,Bachelor,40.3,Fail,Fail
69,18,82,17.9,6,7.4,88.9,Master,94.5,A,Pass
70,17,98,14.8,7,6.9,78.0,None,81.0,B,Pass
71,18,97,19.3,9,9.5,86.6,Master,68.1,C,Pass
72,19,93,23.8,8,8.4,69.9,Master,63.3,C,Pass
73,17,79,12.7,4,6.3,83.5,High School,55.4,Fail,Fail
74,19,85,10.7,8,7.5,85.6,Bachelor,64.3,C,Pass
75,16,98,16.6,6,6.8,95.7,Master,37.1,Fail,Fail
76,18,89,18.0,7,6.5,75.8,Master,80.8,B,Pass
77,17,100,14.7,7,6.2,71.8,High School,66.5,C,Pass
78,17,91,20.6,6,7.6,74.8,Bachelor,72.5,C,Pass
79,17,90,10.8,9,6.8,71.3,Master,66.1,C,Pass
80,16,86,17.9,6,8.1,92.7,Master,35.7,Fail,Fail
81,17,89,13.4,4,8.1,94.4,High School,81.1,B,Pass
82,18,87,21.5,6,8.4,84.6,Master,66.6,C,Pass
83,19,94,22.5,7,6.6,91.8,High School,88.9,A,Pass
84,17,96,12.8,9,7.7,83.1,High School,93.6,A,Pass
85,16,82,13.6,8,7.8,81.2,Bachelor,57.3,Fail,Fail
86,17,77,18.5,5,6.9,79.3,Bachelor,52.0,Fail,Fail
87,18,73,14.1,11,6.7,79.5,Bachelor,70.4,C,Pass
88,18,92,15.3,7,8.6,69.6,Bachelor,77.5,B,Pass
89,17,79,15.6,9,7.5,84.1,Master,77.2,B,Pass
90,18,71,8.8,6,7.8,81.7,High School,63.9,C,Pass
91,17,91,15.5,8,6.6,88.0,High School,37.5,Fail,Fail
92,18,100,13.1,8,6.3,82.7,Bachelor,83.8,B,Pass
93,16,88,13.8,9,6.8,80.7,Bachelor,72.7,C,Pass
94,17,95,20.6,9,7.2,75.0,Master,47.4,Fail,Fail
95,17,89,11.1,8,6.4,82.6,Master,47.9,Fail,Fail
96,16,87,18.3,6,7.3,87.9,Bachelor,51.4,Fail,Fail
97,17,95,14.5,5,5.9,72.9,High School,44.8,Fail,Fail
98,17,86,14.5,7,6.4,82.7,High School,37.3,Fail,Fail
99,17,90,18.3,8,7.8,83.9,Bachelor,48.7,Fail,Fail
100,17,91,16.7,6,7.8,76.3,High School,37.9,Fail,Fail
101,16,83,17.5,9,7.0,77.3,Bachelor,49.0,Fail,Fail
102,17,96,18.9,9,6.5,83.8,Master,39.2,Fail,Fail
103,17,87,14.3,5,6.5,72.9,Master,82.2,B,Pass
104,16,82,13.4,5,7.0,84.8,Bachelor,43.6,Fail,Fail
105,17,92,11.7,6,7.8,74.8,High School,70.1,C,Pass
106,18,81,12.6,7,8.0,90.5,Master,59.3,Fail,Fail
107,19,88,25.0,5,6.9,98.0,Master,36.4,Fail,Fail
108,17,88,19.9,9,6.4,75.1,Bachelor,74.6,C,Pass
109,17,97,10.8,7,7.5,86.3,Bachelor,88.2,A,Pass
110,17,92,10.9,7,6.6,76.2,Bachelor,38.0,Fail,Fail
111,16,88,17.2,4,6.9,90.3,Master,66.5,C,Pass
112,17,95,17.4,4,8.4,71.9,Master,40.4,Fail,Fail
113,17,99,17.4,7,8.0,85.8,Bachelor,74.4,C,Pass
114,20,92,14.6,2,7.4,75.0,Master,43.9,Fail,Fail
115,17,88,15.1,9,6.3,80.3,Master,67.6,C,Pass
116,18,78,16.6,6,7.5,73.8,Master,66.1,C,Pass
117,17,79,15.8,12,8.2,88.6,Master,47.3,Fail,Fail
118,16,86,7.7,11,7.0,75.3,High School,64.3,C,Pass
119,18,83,14.7,6,8.4,86.4,Master,67.9,C,Pass
120,18,87,12.5,6,8.3,79.2,Master,57.2,Fail,Fail
121,18,88,16.1,8,8.6,81.1,Bachelor,56.8,Fail,Fail
122,16,92,25.0,10,7.5,83.2,Bachelor,48.8,Fail,Fail
123,19,87,16.8,3,7.8,75.9,Bachelor,90.8,A,Pass
124,16,92,14.4,3,8.4,83.7,Master,50.3,Fail,Fail
125,18,89,18.7,5,7.7,94.2,Bachelor,93.4,A,Pass
126,19,72,17.2,8,6.9,75.8,Bachelor,51.2,Fail,Fail
127,16,80,17.0,7,6.9,91.4,High School,57.9,Fail,Fail
128,17,87,17.6,9,7.5,94.0,Bachelor,39.3,Fail,Fail
129,17,78,22.7,4,6.3,75.5,Bachelor,67.9,C,Pass
130,17,93,11.5,2,7.2,70.4,Bachelor,62.6,C,Pass
131,16,100,17.2,8,8.2,84.4,High School,62.5,C,Pass
132,17,98,12.3,5,5.5,77.6,Bachelor,86.8,B,Pass
133,16,86,17.4,2,8.5,96.9,Master,57.0,Fail,Fail
134,18,100,12.3,7,8.2,82.3,Master,67.3,C,Pass
135,16,89,14.0,8,6.9,75.6,Master,71.6,C,Pass
136,19,85,14.5,6,7.7,72.8,Master,83.0,B,Pass
137,16,83,18.9,6,7.3,90.7,High School,70.5,C,Pass
138,17,86,18.7,6,8.3,77.4,Bachelor,68.4,C,Pass
139,18,85,11.1,6,8.1,82.4,Bachelor,79.8,B,Pass
140,16,89,15.7,4,6.2,89.6,Bachelor,73.0,C,Pass
141,17,89,13.0,5,7.8,78.1,Bachelor,51.4,Fail,Fail
142,19,88,11.1,8,7.1,81.6,Bachelor,91.0,A,Pass
143,16,91,14.7,7,7.4,81.9,Bachelor,38.9,Fail,Fail
144,17,98,14.4,7,6.7,87.5,Master,41.6,Fail,Fail
145,17,96,24.0,5,8.7,86.7,Master,79.8,B,Pass
146,18,76,17.0,6,8.1,80.2,Bachelor,60.5,C,Pass
147,16,68,10.7,2,6.7,82.5,Master,73.9,C,Pass
148,16,95,13.5,7,6.2,79.0,Bachelor,73.8,C,Pass
149,18,77,19.1,9,7.0,70.2,Bachelor,55.0,Fail,Fail
150,17,86,22.8,4,7.6,84.1,Master,44.7,Fail,Fail
151,17,79,9.9,5,7.5,97.1,Bachelor,40.0,Fail,Fail
152,18,74,8.9,7,8.3,74.9,Bachelor,47.8,Fail,Fail
153,17,92,22.0,9,7.9,75.8,Bachelor,61.9,C,Pass
154,17,94,16.9,6,8.1,75.0,High School,53.3,Fail,Fail
155,17,83,12.5,5,7.6,87.8,Master,88.3,A,Pass
156,16,67,17.4,3,6.2,85.6,Bachelor,63.3,C,Pass
157,19,84,6.3,7,7.1,80.7,High School,39.3,Fail,Fail
158,18,91,15.5,11,8.1,74.7,Master,88.3,A,Pass
159,16,76,16.6,7,7.3,82.7,Master,69.6,C,Pass
160,18,89,18.7,6,7.7,69.5,High School,92.3,A,Pass
161,16,88,12.0,7,7.0,83.1,Bachelor,41.6,Fail,Fail
162,18,93,15.8,6,6.5,89.0,Bachelor,48.9,Fail,Fail
163,18,89,12.3,5,7.2,72.0,Master,40.8,Fail,Fail
164,16,80,16.4,8,7.5,69.7,Master,94.0,A,Pass
165,18,98,12.4,7,6.8,94.6,Master,78.1,B,Pass
166,18,87,14.1,7,7.1,77.1,Master,81.2,B,Pass
167,18,88,12.0,5,6.5,91.1,High School,36.9,Fail,Fail
168,19,81,17.8,9,8.2,80.8,High School,90.2,A,Pass
169,17,84,18.5,8,7.1,80.7,High School,64.2,C,Pass
170,16,81,14.7,5,8.5,85.5,High School,71.5,C,Pass
171,16,87,15.6,9,8.5,74.9,High School,62.7,C,Pass
172,16,100,10.4,6,7.2,83.1,Bachelor,57.6,Fail,Fail
173,17,77,14.5,5,6.5,78.9,Bachelor,66.8,C,Pass
174,18,75,15.3,5,5.6,71.4,Master,93.6,A,Pass
175,17,100,24.7,3,6.1,84.7,High School,41.7,Fail,Fail
176,18,86,11.6,7,6.2,79.9,Master,94.5,A,Pass
177,17,83,20.6,3,8.4,80.7,Master,43.6,Fail,Fail
178,19,96,19.0,4,7.4,72.3,Bachelor,62.3,C,Pass
179,17,83,16.5,2,7.6,94.7,Bachelor,84.3,B,Pass
180,20,100,21.7,6,5.5,89.0,Master,90.7,A,Pass
181,18,93,16.8,6,6.3,89.7,Bachelor,53.0,Fail,Fail
182,16,84,16.9,6,8.0,79.6,Bachelor,39.6,Fail,Fail
183,16,100,15.3,4,7.5,68.2,Bachelor,81.4,B,Pass
184,18,83,19.8,4,7.2,97.6,Bachelor,37.1,Fail,Fail
185,17,94,19.3,7,7.8,81.5,Master,35.2,Fail,Fail
186,18,90,13.3,5,8.6,76.0,Bachelor,86.2,B,Pass
187,18,98,10.9,7,7.1,85.3,Master,69.5,C,Pass
188,17,100,14.8,5,7.4,91.3,Bachelor,47.2,Fail,Fail
189,16,88,12.7,7,7.5,81.8,High School,60.5,C,Pass
190,16,82,15.3,9,9.2,92.2,Bachelor,44.5,Fail,Fail
191,17,92,19.8,8,5.6,90.7,Master,92.6,A,Pass
192,18,83,13.9,6,7.8,73.4,Master,87.6,B,Pass
193,17,100,15.4,7,7.2,76.6,Bachelor,59.5,Fail,Fail
194,16,89,15.7,6,7.8,89.7,High School,53.9,Fail,Fail
195,17,85,18.5,7,6.8,60.3,Master,60.4,C,Pass
196,18,89,7.6,6,7.3,80.8,Bachelor,88.4,A,Pass
197,16,77,13.4,6,7.9,70.6,Bachelor,80.8,B,Pass
198,17,80,16.2,7,9.5,78.2,High School,60.8,C,Pass
199,17,98,19.7,5,7.9,79.6,High School,55.8,Fail,Fail
200,16,83,13.8,4,6.6,79.1,Bachelor,87.3,B,Pass
201,18,80,8.9,4,7.0,77.6,Bachelor,74.1,C,Pass
202,18,92,17.7,3,6.9,73.2,High School,67.4,C,Pass
203,18,97,13.3,4,5.9,98.0,Master,35.6,Fail,Fail
204,18,94,11.3,7,7.0,96.9,High School,50.6,Fail,Fail
205,16,96,13.3,5,7.9,72.7,Bachelor,40.0,Fail,Fail
206,16,82,14.9,8,6.3,94.7,Master,81.0,B,Pass
207,18,77,13.4,7,8.1,78.8,Bachelor,37.8,Fail,Fail
208,18,100,7.8,3,7.7,83.0,Bachelor,51.9,Fail,Fail
209,18,85,18.6,8,6.7,81.5,Master,51.6,Fail,Fail
210,20,86,20.0,8,7.2,76.7,None,51.8,Fail,Fail
211,18,99,17.8,5,8.6,89.9,Bachelor,63.1,C,Pass
212,18,92,11.5,7,7.9,83.0,Master,48.0,Fail,Fail
213,18,92,14.8,5,7.3,78.2,Master,42.7,Fail,Fail
214,18,100,15.5,7,7.1,71.6,Master,78.5,B,Pass
215,17,83,17.6,4,7.4,74.9,High School,63.5,C,Pass
216,18,95,17.8,3,6.9,68.9,High School,84.7,B,Pass
217,16,88,12.9,6,5.6,82.1,Bachelor,92.3,A,Pass
218,17,90,15.8,6,8.9,72.4,None,44.3,Fail,Fail
219,17,100,17.1,6,7.4,79.9,High School,81.9,B,Pass
220,17,92,20.6,4,7.6,93.0,High School,62.7,C,Pass
221,20,92,18.0,6,7.3,91.6,Master,55.5,Fail,Fail
222,16,97,18.3,7,6.7,81.7,High School,60.6,C,Pass
223,18,85,15.8,6,7.2,81.3,Bachelor,63.3,C,Pass
224,16,81,20.4,7,6.0,97.0,Bachelor,75.0,C,Pass
225,17,80,16.9,5,9.1,86.2,High School,46.3,Fail,Fail
226,18,72,12.5,9,6.3,79.4,Bachelor,94.4,A,Pass
227,17,100,20.4,4,6.5,70.6,Bachelor,48.4,Fail,Fail
228,16,79,17.9,7,6.9,85.2,High School,43.4,Fail,Fail
229,16,86,13.9,9,8.3,88.6,High School,70.9,C,Pass
230,18,86,13.8,7,7.3,76.9,Bachelor,86.5,B,Pass
231,16,90,16.5,6,6.3,84.3,High School,49.9,Fail,Fail
232,17,95,17.1,5,8.3,79.1,Master,48.4,Fail,Fail
233,17,95,16.2,9,7.9,80.5,Master,39.4,Fail,Fail
234,17,83,16.6,4,7.7,62.1,High School,59.1,Fail,Fail
235,19,87,21.4,5,7.9,80.2,Bachelor,58.4,Fail,Fail
236,18,90,19.3,6,9.2,89.8,Bachelor,82.5,B,Pass
237,16,86,16.2,9,9.0,76.9,Bachelor,79.2,B,Pass
238,17,100,18.8,7,6.8,82.4,Master,87.8,B,Pass
239,17,92,11.9,5,8.6,76.0,Master,65.2,C,Pass
240,18,94,16.9,6,7.6,84.9,High School,81.5,B,Pass
241,16,93,21.8,5,7.7,80.3,High School,70.1,C,Pass
242,17,97,14.7,5,5.9,74.5,Master,70.6,C,Pass
243,18,89,12.5,8,7.2,92.7,High School,83.9,B,Pass
244,18,78,13.2,4,6.6,89.4,Bachelor,40.9,Fail,Fail
245,16,91,11.7,10,8.0,77.2,Bachelor,47.0,Fail,Fail
246,17,83,12.8,8,8.2,86.0,High School,36.4,Fail,Fail
247,17,84,14.2,9,5.6,86.3,Bachelor,46.1,Fail,Fail
248,17,93,10.6,6,7.3,87.1,Bachelor,94.0,A,Pass
249,19,98,15.6,6,8.2,68.4,Master,93.1,A,Pass
250,18,88,18.7,4,7.2,90.1,Bachelor,87.6,B,Pass
251,16,90,12.3,5,7.9,77.4,High School,87.2,B,Pass
252,18,100,20.8,7,7.6,79.1,Bachelor,47.5,Fail,Fail
253,19,90,17.3,9,7.6,98.0,Bachelor,81.8,B,Pass
254,18,100,19.1,4,7.1,84.4,Bachelor,79.6,B,Pass
255,16,93,13.2,6,6.3,78.9,Master,55.3,Fail,Fail
256,17,74,18.5,6,6.4,64.4,Bachelor,75.1,B,Pass
257,18,94,11.7,4,7.9,93.1,Master,54.9,Fail,Fail
258,16,91,18.6,8,7.3,71.2,High School,65.4,C,Pass
259,18,98,16.1,5,7.2,74.0,High School,82.9,B,Pass
260,18,93,17.4,6,7.0,79.3,Bachelor,79.8,B,Pass
261,16,87,11.4,6,7.1,93.3,Master,35.3,Fail,Fail
262,17,78,12.4,5,8.1,88.2,Master,84.2,B,Pass
263,16,86,17.6,6,7.0,80.7,High School,65.5,C,Pass
264,16,81,12.2,6,6.2,84.5,None,92.6,A,Pass
265,17,83,17.1,6,7.9,77.2,Bachelor,65.3,C,Pass
266,16,93,10.7,5,7.1,83.1,Master,66.9,C,Pass
267,19,100,18.5,7,7.3,82.6,Bachelor,35.9,Fail,Fail
268,16,91,11.2,10,8.6,89.8,Bachelor,59.0,Fail,Fail
269,17,78,17.4,7,7.3,89.7,Bachelor,91.4,A,Pass
270,17,92,17.7,8,7.5,86.0,Master,45.9,Fail,Fail
271,19,98,13.1,4,6.4,79.1,Master,37.6,Fail,Fail
272,16,83,17.5,7,7.1,87.9,Bachelor,86.7,B,Pass
273,18,87,16.4,4,7.8,81.3,Master,70.4,C,Pass
274,17,88,13.6,4,6.1,73.3,Bachelor,63.8,C,Pass
275,16,82,12.0,5,7.5,78.8,Master,73.7,C,Pass
276,18,93,8.6,9,7.4,82.7,Bachelor,43.5,Fail,Fail
277,17,87,16.7,8,7.3,89.3,Bachelor,45.1,Fail,Fail
278,17,91,10.0,7,8.1,80.5,Bachelor,89.4,A,Pass
279,17,81,15.8,3,7.6,72.3,Bachelor,68.8,C,Pass
280,17,85,14.6,6,8.5,82.5,Master,35.3,Fail,Fail
281,17,94,17.9,7,6.5,82.9,Bachelor,75.9,B,Pass
282,18,85,14.4,7,7.4,83.5,Master,39.6,Fail,Fail
283,19,100,14.3,3,7.4,89.4,Bachelor,93.9,A,Pass
284,16,85,18.1,5,6.4,90.2,Master,52.3,Fail,Fail
285,19,90,16.7,6,8.1,77.2,High School,64.5,C,Pass
286,16,95,16.6,8,9.2,77.1,Bachelor,75.2,B,Pass
287,17,77,17.1,2,7.3,73.7,Master,53.1,Fail,Fail
288,18,74,10.1,6,7.7,87.6,Bachelor,56.2,Fail,Fail
289,17,76,18.1,7,7.4,93.6,Master,87.1,B,Pass
290,17,98,17.6,8,6.7,79.5,Bachelor,39.2,Fail,Fail
291,17,84,11.9,8,5.8,80.1,Master,87.1,B,Pass
292,17,100,14.6,8,6.7,93.7,Master,77.2,B,Pass
293,17,83,15.4,5,6.2,86.0,High School,57.2,Fail,Fail
294,18,89,15.0,3,8.7,85.5,Master,35.9,Fail,Fail
295,18,100,16.7,6,7.2,72.5,Master,66.7,C,Pass
296,17,100,20.5,9,7.0,87.4,Bachelor,57.9,Fail,Fail
297,18,100,19.3,9,8.0,74.6,High School,76.4,B,Pass
298,18,98,10.9,8,6.4,72.9,High School,48.6,Fail,Fail
299,18,96,17.7,7,6.7,79.2,Bachelor,63.2,C,Pass
300,18,93,20.2,7,7.4,77.3,High School,72.2,C,Pass
301,16,94,16.9,5,8.1,80.2,Bachelor,90.6,A,Pass
302,17,84,19.3,6,7.7,70.5,High School,93.0,A,Pass
303,18,81,22.5,10,7.5,89.7,High School,38.8,Fail,Fail
304,18,88,19.1,5,7.4,91.0,Bachelor,46.2,Fail,Fail
305,17,87,16.4,10,7.6,66.4,Master,85.1,B,Pass
306,17,84,19.2,6,7.5,89.8,Bachelor,43.0,Fail,Fail
307,18,94,16.0,9,6.5,75.5,Bachelor,36.6,Fail,Fail
308,17,96,15.6,4,7.3,88.9,Bachelor,82.2,B,Pass
309,18,89,14.3,8,6.4,81.5,Master,40.1,Fail,Fail
310,17,100,21.0,5,7.4,82.2,Bachelor,55.5,Fail,Fail
311,17,79,12.6,4,6.9,80.5,Bachelor,60.4,C,Pass
312,18,86,20.9,7,9.3,91.7,Master,89.4,A,Pass
313,18,82,17.2,9,7.3,72.1,Bachelor,57.6,Fail,Fail
314,18,73,10.6,5,6.2,86.9,Bachelor,46.1,Fail,Fail
315,19,87,16.8,4,7.2,90.8,Bachelor,74.4,C,Pass
316,17,87,8.1,6,7.7,87.7,Bachelor,61.9,C,Pass
317,18,100,17.7,6,8.6,98.0,Master,41.1,Fail,Fail
318,17,93,18.6,8,6.8,77.8,Bachelor,46.7,Fail,Fail
319,18,80,13.4,8,6.0,89.7,None,82.9,B,Pass
320,17,100,15.9,6,8.0,81.2,Master,47.7,Fail,Fail
321,17,98,22.3,10,6.2,91.9,Bachelor,86.7,B,Pass
322,18,93,13.7,7,7.0,81.9,Bachelor,73.0,C,Pass
323,16,86,11.8,6,7.1,78.9,Bachelor,66.0,C,Pass
324,19,80,20.7,3,7.2,92.4,Master,66.6,C,Pass
325,16,85,22.4,6,7.9,78.1,Bachelor,53.2,Fail,Fail
326,16,97,15.5,6,6.8,70.7,Bachelor,35.9,Fail,Fail
327,18,100,19.0,8,7.1,77.9,High School,60.2,C,Pass
328,18,100,20.2,7,7.3,87.0,Bachelor,44.6,Fail,Fail
329,18,84,12.9,4,7.4,93.1,Bachelor,65.1,C,Pass
330,18,79,13.8,7,7.4,82.9,High School,94.3,A,Pass
331,17,89,19.8,8,7.6,92.5,Master,60.4,C,Pass
332,16,74,21.4,10,8.0,71.1,Bachelor,77.0,B,Pass
333,17,91,17.5,8,7.6,78.5,Master,43.6,Fail,Fail
334,17,87,12.4,8,7.7,79.7,Bachelor,90.9,A,Pass
335,18,84,22.5,7,6.0,81.1,Master,83.6,B,Pass
336,17,75,13.6,7,7.3,82.7,Master,38.7,Fail,Fail
337,16,92,14.3,9,7.7,87.5,High School,83.2,B,Pass
338,17,84,16.7,4,7.9,78.4,None,75.4,B,Pass
339,18,79,20.9,6,6.7,83.1,High School,59.4,Fail,Fail
340,17,65,18.5,5,6.8,81.6,High School,55.4,Fail,Fail
341,16,88,17.0,7,6.8,74.6,Master,45.3,Fail,Fail
342,17,100,17.1,9,7.7,81.1,Bachelor,71.7,C,Pass
343,17,100,15.7,5,8.1,80.9,Master,66.9,C,Pass
344,17,84,17.5,2,7.0,80.7,Master,82.3,B,Pass
345,17,83,6.6,6,8.0,82.3,High School,58.9,Fail,Fail
346,17,92,14.5,8,7.4,82.6,Bachelor,94.0,A,Pass
347,16,80,16.3,8,7.2,78.5,High School,51.9,Fail,Fail
348,16,90,11.5,7,7.1,92.2,High School,80.3,B,Pass
349,16,94,16.9,6,7.9,72.6,None,64.9,C,Pass
350,17,98,14.8,4,7.6,76.2,High School,51.6,Fail,Fail
351,18,87,21.6,8,9.1,98.0,Bachelor,62.8,C,Pass
352,19,86,21.0,5,6.6,73.7,Bachelor,48.1,Fail,Fail
353,18,81,13.9,11,7.7,71.2,Bachelor,75.8,B,Pass
354,17,81,15.0,8,6.9,87.9,Bachelor,68.5,C,Pass
355,17,86,15.2,5,6.6,65.4,Master,40.2,Fail,Fail
356,16,91,13.9,5,7.3,80.1,High School,87.1,B,Pass
357,17,95,16.2,6,7.4,98.0,High School,83.2,B,Pass
358,17,82,12.8,6,9.5,69.6,Master,65.3,C,Pass
359,18,100,11.5,9,7.2,66.1,Bachelor,48.9,Fail,Fail
360,16,86,17.7,7,6.4,70.0,Bachelor,86.4,B,Pass
361,18,88,17.7,5,7.5,89.2,Bachelor,94.6,A,Pass
362,19,82,12.7,10,5.6,91.0,Bachelor,80.6,B,Pass
363,17,69,18.6,7,7.2,77.9,Master,52.2,Fail,Fail
364,18,95,13.3,8,7.3,87.5,Bachelor,93.6,A,Pass
365,18,94,16.4,5,7.9,93.1,Bachelor,54.1,Fail,Fail
366,17,86,18.4,7,8.1,96.3,Bachelor,49.1,Fail,Fail
367,17,89,15.4,7,6.9,80.0,Master,53.6,Fail,Fail
368,17,92,17.1,3,7.2,63.6,Master,65.2,C,Pass
369,17,75,13.7,11,6.7,75.4,Master,60.0,Fail,Pass
370,16,84,14.8,9,6.4,78.6,Bachelor,58.3,Fail,Fail
371,17,94,14.8,6,7.5,79.9,None,76.7,B,Pass
372,18,78,12.9,4,6.3,80.5,Bachelor,81.6,B,Pass
373,19,90,14.9,7,7.0,91.0,Master,94.2,A,Pass
374,18,77,10.1,7,6.5,92.2,Master,75.7,B,Pass
375,19,92,13.8,7,7.7,80.6,Master,63.3,C,Pass
376,16,88,14.5,7,8.7,90.8,High School,85.9,B,Pass
377,18,75,14.6,8,6.3,84.9,Bachelor,63.9,C,Pass
378,17,97,14.7,9,5.8,82.5,Master,51.3,Fail,Fail
379,19,82,15.3,8,7.2,89.3,Bachelor,89.1,A,Pass
380,16,82,17.2,4,7.3,82.6,Master,86.5,B,Pass
381,16,90,18.6,9,7.5,98.0,Bachelor,85.2,B,Pass
382,17,97,13.2,10,6.9,70.5,Bachelor,79.0,B,Pass
383,16,80,11.3,12,7.1,77.9,Master,74.9,C,Pass
384,17,88,11.9,4,7.6,81.0,Master,52.4,Fail,Fail
385,16,91,13.8,7,8.1,85.5,Bachelor,53.6,Fail,Fail
386,17,94,14.3,2,5.7,92.1,Master,66.2,C,Pass
387,18,89,12.8,8,7.0,81.8,Master,58.1,Fail,Fail
388,19,85,11.0,5,7.5,70.6,Bachelor,62.5,C,Pass
389,18,81,13.9,10,6.6,88.7,Master,38.4,Fail,Fail
390,17,89,16.1,5,8.7,88.0,Master,56.8,Fail,Fail
391,16,79,17.6,3,6.8,66.5,Master,94.6,A,Pass
392,18,65,13.5,6,7.3,82.0,Bachelor,74.9,C,Pass
393,16,91,14.1,3,7.7,69.3,Bachelor,88.1,A,Pass
394,19,95,12.3,8,6.8,76.7,Master,36.8,Fail,Fail
395,18,69,15.4,2,5.8,74.8,High School,64.7,C,Pass
396,17,80,12.5,7,7.0,88.5,Master,50.7,Fail,Fail
397,16,93,17.5,2,8.1,82.9,Bachelor,73.6,C,Pass
398,19,100,9.2,6,7.0,71.7,Master,72.0,C,Pass
399,17,88,14.2,10,6.6,89.0,High School,72.4,C,Pass
400,18,82,16.6,7,8.0,70.5,Bachelor,77.1,B,Pass
401,16,87,16.1,5,7.0,84.6,None,57.6,Fail,Fail
402,17,99,24.9,6,6.9,75.5,High School,71.0,C,Pass
403,17,83,16.7,7,7.4,79.1,Bachelor,44.2,Fail,Fail
404,17,82,12.0,7,7.9,86.0,High School,39.8,Fail,Fail
405,17,84,15.2,4,9.2,86.2,Bachelor,55.2,Fail,Fail
406,18,80,9.3,8,8.0,92.7,High School,46.0,Fail,Fail
407,16,89,15.2,1,8.2,81.3,Bachelor,50.9,Fail,Fail
408,17,100,12.6,5,6.9,84.5,Bachelor,45.6,Fail,Fail
409,17,91,18.7,6,6.5,78.5,Master,69.4,C,Pass
410,18,86,13.6,8,7.3,83.5,High School,86.7,B,Pass
411,18,86,15.1,7,7.4,85.5,Bachelor,57.0,Fail,Fail
412,16,75,13.3,4,6.4,81.2,Master,58.2,Fail,Fail
413,16,95,21.6,5,7.2,67.6,Bachelor,64.8,C,Pass
414,18,87,14.4,7,7.6,84.7,Bachelor,45.2,Fail,Fail
415,18,87,21.9,6,7.6,84.9,Bachelor,51.9,Fail,Fail
416,16,100,18.3,5,7.7,76.6,Master,68.6,C,Pass
417,19,90,17.2,6,7.5,71.7,Bachelor,49.5,Fail,Fail
418,17,82,16.8,8,6.9,93.8,Bachelor,67.5,C,Pass
419,18,85,16.9,5,6.9,85.9,Bachelor,54.9,Fail,Fail
420,17,97,8.8,6,6.3,80.2,Bachelor,48.6,Fail,Fail
421,19,89,14.5,11,8.7,72.9,Master,38.0,Fail,Fail
422,19,76,18.5,4,7.3,75.4,None,71.0,C,Pass
423,17,95,15.3,3,7.1,92.4,Bachelor,71.5,C,Pass
424,18,83,10.6,8,6.6,83.1,High School,57.0,Fail,Fail
425,18,100,15.3,5,9.5,77.6,Master,83.8,B,Pass
426,19,97,21.5,6,6.4,86.1,Master,87.9,B,Pass
427,16,84,19.9,5,7.0,75.5,Master,59.4,Fail,Fail
428,18,98,15.3,6,7.6,94.0,High School,88.8,A,Pass
429,18,89,18.8,10,7.8,92.8,Bachelor,61.9,C,Pass
430,16,95,14.2,8,8.1,78.3,Master,77.0,B,Pass
431,16,92,9.5,8,8.7,77.0,Master,83.3,B,Pass
432,16,81,12.3,4,7.7,61.1,Master,55.8,Fail,Fail
433,17,83,21.0,4,6.5,70.1,High School,56.2,Fail,Fail
434,18,96,14.5,1,7.1,71.3,Bachelor,94.6,A,Pass
435,19,85,14.6,5,7.5,83.1,Master,43.3,Fail,Fail
436,17,85,14.5,8,9.0,79.4,Master,60.3,C,Pass
437,19,80,22.2,8,6.2,71.2,Bachelor,47.0,Fail,Fail
438,16,91,21.2,6,8.3,79.8,Bachelor,58.6,Fail,Fail
439,16,100,23.3,6,7.4,86.0,Master,84.1,B,Pass
440,17,79,14.9,5,8.0,86.2,High School,86.3,B,Pass
441,18,88,16.5,7,7.2,66.8,Master,57.3,Fail,Fail
442,17,99,10.2,8,6.6,81.0,High School,38.6,Fail,Fail
443,16,87,20.7,3,7.9,70.9,Bachelor,42.5,Fail,Fail
444,17,92,11.4,7,7.8,89.2,Bachelor,52.8,Fail,Fail
445,16,80,16.3,8,8.1,88.3,Bachelor,72.6,C,Pass
446,18,91,11.7,6,7.3,74.8,Bachelor,77.6,B,Pass
447,18,87,13.4,8,6.8,75.9,Bachelor,43.1,Fail,Fail
448,16,96,12.6,12,6.1,78.3,Bachelor,94.1,A,Pass
449,17,97,13.4,6,8.0,64.0,Master,58.7,Fail,Fail
450,16,100,13.6,7,7.6,84.7,Master,78.5,B,Pass
451,17,93,13.6,5,6.5,79.8,Bachelor,85.2,B,Pass
452,18,91,18.4,7,6.9,89.8,Bachelor,46.2,Fail,Fail
453,16,90,11.6,7,6.9,73.2,Bachelor,39.5,Fail,Fail
454,18,85,16.3,7,6.1,77.0,Master,91.9,A,Pass
455,17,91,19.8,4,6.6,69.9,Bachelor,79.2,B,Pass
456,16,86,13.7,7,6.4,74.0,Bachelor,75.0,C,Pass
457,17,89,13.0,9,7.0,72.5,High School,65.3,C,Pass
458,16,99,14.7,7,6.7,90.0,High School,37.1,Fail,Fail
459,17,80,19.6,8,6.0,76.4,Bachelor,88.7,A,Pass
460,16,97,16.2,6,8.9,83.0,Bachelor,73.7,C,Pass
461,19,99,13.6,8,8.3,79.0,Bachelor,53.8,Fail,Fail
462,17,87,17.2,7,6.7,71.8,High School,53.8,Fail,Fail
463,17,71,11.6,5,7.5,80.7,Master,83.8,B,Pass
464,17,83,17.9,7,7.6,86.8,Bachelor,58.6,Fail,Fail
465,17,98,16.9,5,8.3,72.3,Master,49.6,Fail,Fail
466,17,88,14.4,5,6.6,88.5,Bachelor,88.6,A,Pass
467,18,80,12.6,7,8.2,75.2,Bachelor,71.8,C,Pass
468,18,84,12.4,7,6.9,78.1,Bachelor,64.2,C,Pass
469,17,95,17.4,4,6.2,86.2,Master,75.7,B,Pass
470,17,92,19.8,9,7.9,76.7,Bachelor,79.2,B,Pass
471,17,86,13.3,8,8.3,82.3,Bachelor,45.6,Fail,Fail
472,16,85,17.1,5,9.4,79.5,Bachelor,73.2,C,Pass
473,16,85,8.2,3,6.3,83.0,Bachelor,64.0,C,Pass
474,19,81,13.5,6,7.9,63.0,High School,42.3,Fail,Fail
475,19,100,15.4,6,7.0,67.4,Bachelor,52.6,Fail,Fail
476,17,85,12.3,7,7.9,86.9,Bachelor,82.9,B,Pass
477,18,98,12.2,6,6.1,90.3,Master,62.1,C,Pass
478,18,100,13.2,2,6.3,74.7,High School,69.7,C,Pass
479,20,96,16.5,6,6.7,80.0,High School,60.1,C,Pass
480,18,85,14.8,6,7.4,84.4,Master,67.0,C,Pass
481,17,91,7.7,8,6.8,87.5,Bachelor,49.7,Fail,Fail
482,16,88,8.1,5,7.8,65.8,Master,68.8,C,Pass
483,16,81,13.4,10,8.1,74.9,Master,76.4,B,Pass
484,17,91,17.1,3,7.8,79.3,Bachelor,66.5,C,Pass
485,16,79,5.9,9,8.6,87.6,High School,77.1,B,Pass
486,16,98,13.8,6,7.6,98.0,Bachelor,62.6,C,Pass
487,17,84,13.7,8,6.3,80.2,None,67.1,C,Pass
488,16,90,20.4,7,8.4,70.7,High School,41.9,Fail,Fail
489,19,90,14.2,9,6.8,85.2,Master,80.6,B,Pass
490,18,86,16.8,6,8.0,92.6,High School,48.0,Fail,Fail
491,17,93,16.0,4,8.6,82.9,Master,67.5,C,Pass
492,19,84,8.0,9,7.7,74.7,Bachelor,74.2,C,Pass
493,17,95,18.2,6,6.1,89.7,Bachelor,35.1,Fail,Fail
494,16,77,16.3,7,6.6,87.3,Bachelor,58.7,Fail,Fail
495,19,89,17.3,9,8.4,73.8,Bachelor,36.4,Fail,Fail
496,18,100,25.0,4,7.2,85.1,Master,83.7,B,Pass
497,16,80,8.2,8,7.4,90.0,Bachelor,79.4,B,Pass
498,17,83,21.5,5,7.9,91.5,Bachelor,53.4,Fail,Fail
499,16,92,14.5,6,7.9,81.5,Master,65.4,C,Pass
500,16,89,16.5,7,7.5,79.1,High School,36.4,Fail,Fail
501,18,91,15.3,3,7.1,91.8,Bachelor,63.7,C,Pass
502,19,92,14.0,5,7.0,72.3,Bachelor,73.4,C,Pass
503,16,93,13.5,9,8.0,85.5,Bachelor,43.2,Fail,Fail
504,18,97,16.7,8,7.7,71.0,Master,61.2,C,Pass
505,17,91,10.2,6,7.1,90.5,Bachelor,69.6,C,Pass
506,17,86,18.1,7,8.2,79.9,Master,67.2,C,Pass
507,17,93,14.0,6,7.2,92.1,Bachelor,94.4,A,Pass
508,16,100,11.5,9,6.6,85.9,Bachelor,53.8,Fail,Fail
509,17,87,13.9,6,6.7,72.2,High School,89.1,A,Pass
510,16,80,19.9,7,6.5,93.4,Bachelor,91.9,A,Pass
511,17,97,13.6,9,7.1,94.4,Bachelor,39.3,Fail,Fail
512,17,87,16.8,5,8.3,89.1,Bachelor,83.6,B,Pass
513,17,71,12.9,10,6.7,75.9,Master,94.3,A,Pass
514,16,95,18.2,3,7.5,79.6,Master,36.1,Fail,Fail
515,17,84,17.9,10,6.8,83.2,Bachelor,61.5,C,Pass
516,18,87,22.0,6,7.1,76.4,Bachelor,50.3,Fail,Fail
517,18,91,14.9,6,6.1,95.5,Bachelor,43.8,Fail,Fail
518,16,90,17.8,3,7.1,83.2,Master,68.4,C,Pass
519,17,94,15.8,6,7.1,60.4,High School,77.5,B,Pass
520,18,85,20.0,4,7.7,84.7,Master,62.8,C,Pass
521,16,92,13.0,5,7.5,79.2,Master,52.9,Fail,Fail
522,18,86,18.1,6,6.3,81.4,Bachelor,46.8,Fail,Fail
523,17,94,14.8,8,8.2,79.1,Bachelor,63.9,C,Pass
524,18,93,15.3,7,7.5,88.5,Bachelor,89.3,A,Pass
525,16,81,15.8,7,7.5,91.0,Bachelor,81.6,B,Pass
526,16,97,16.4,4,7.3,84.3,Bachelor,72.3,C,Pass
527,16,84,15.1,5,6.9,79.3,Master,39.3,Fail,Fail
528,17,94,16.3,10,7.5,81.7,Master,36.0,Fail,Fail
529,17,91,21.0,5,7.7,82.2,High School,43.6,Fail,Fail
530,16,100,18.9,10,5.9,75.6,Bachelor,71.5,C,Pass
531,18,86,18.5,6,6.9,86.6,Master,94.8,A,Pass
532,16,85,13.9,7,7.1,85.7,High School,79.2,B,Pass
533,17,88,12.4,9,7.5,94.3,Master,44.7,Fail,Fail
534,16,86,18.8,9,8.3,92.0,Bachelor,94.7,A,Pass
535,17,94,18.6,6,6.7,76.5,Bachelor,68.6,C,Pass
536,17,75,20.7,6,6.9,88.6,Bachelor,71.7,C,Pass
537,16,80,13.4,6,6.9,74.4,Bachelor,50.3,Fail,Fail
538,17,79,14.7,7,6.7,87.6,Master,49.5,Fail,Fail
539,18,96,9.8,8,7.0,77.9,Bachelor,55.2,Fail,Fail
540,17,100,14.1,7,7.9,73.8,Bachelor,91.9,A,Pass
541,18,87,19.0,8,6.5,84.2,Master,55.6,Fail,Fail
542,16,87,13.9,10,7.6,60.6,High School,72.7,C,Pass
543,18,89,17.7,7,5.9,68.0,Master,89.0,A,Pass
544,19,97,14.8,7,6.9,80.6,Master,83.9,B,Pass
545,16,81,16.6,3,7.0,82.7,Bachelor,54.7,Fail,Fail
546,16,90,11.5,1,8.6,79.0,Bachelor,74.6,C,Pass
547,18,96,15.8,7,7.1,69.4,Bachelor,69.4,C,Pass
548,17,92,5.0,6,5.5,75.5,Master,52.7,Fail,Fail
549,18,90,14.8,5,5.7,85.1,High School,43.4,Fail,Fail
550,17,96,9.8,7,7.3,86.7,Bachelor,61.7,C,Pass
551,17,66,19.7,6,7.8,81.9,Master,91.2,A,Pass
552,17,93,18.2,9,7.6,91.3,Bachelor,94.9,A,Pass
553,18,83,17.1,7,7.4,85.2,Master,93.3,A,Pass
554,17,73,20.8,5,8.2,76.0,Bachelor,56.6,Fail,Fail
555,18,92,12.2,8,6.9,79.8,Bachelor,64.8,C,Pass
556,17,99,21.6,6,8.0,70.8,High School,86.3,B,Pass
557,17,87,18.8,8,6.0,81.1,Master,86.0,B,Pass
558,17,96,14.7,6,6.6,90.9,Master,57.8,Fail,Fail
559,18,100,19.5,5,5.9,87.5,Bachelor,55.5,Fail,Fail
560,17,99,11.6,7,7.1,93.2,Bachelor,86.2,B,Pass
561,17,100,12.6,7,7.3,79.6,Bachelor,41.0,Fail,Fail
562,19,94,13.4,7,7.4,92.8,High School,67.7,C,Pass
563,18,89,13.6,6,7.3,80.5,None,80.3,B,Pass
564,17,75,11.8,3,6.6,93.8,Bachelor,81.9,B,Pass
565,18,86,19.8,6,7.1,81.8,Bachelor,90.5,A,Pass
566,17,81,14.6,8,6.1,87.7,High School,67.6,C,Pass
567,16,100,16.7,6,8.4,93.8,Bachelor,89.6,A,Pass
568,16,87,13.5,6,7.1,80.5,Master,91.4,A,Pass
569,16,89,9.1,8,6.9,83.7,Bachelor,45.7,Fail,Fail
570,17,92,16.4,5,8.6,92.3,Master,68.6,C,Pass
571,17,88,8.8,3,6.3,80.9,Master,40.9,Fail,Fail
572,19,100,15.3,6,6.4,71.4,High School,70.4,C,Pass
573,18,83,10.7,6,6.4,98.0,High School,82.0,B,Pass
574,17,90,22.5,5,7.2,78.2,Bachelor,39.4,Fail,Fail
575,18,82,18.7,6,7.6,83.3,Master,51.8,Fail,Fail
576,16,77,15.9,7,7.9,91.2,High School,71.9,C,Pass
577,17,83,19.9,6,9.4,77.1,Bachelor,44.7,Fail,Fail
578,18,88,12.5,7,5.5,73.9,Bachelor,51.8,Fail,Fail
579,16,85,17.4,10,7.8,84.0,Bachelor,56.5,Fail,Fail
580,18,82,16.2,6,6.9,67.7,Master,72.5,C,Pass
581,18,77,16.4,7,6.8,79.7,Bachelor,53.0,Fail,Fail
582,17,87,20.0,5,6.8,84.0,Master,65.2,C,Pass
583,18,76,18.1,5,6.6,79.8,Bachelor,88.4,A,Pass
584,19,94,16.5,5,8.6,69.7,High School,94.4,A,Pass
585,17,89,9.7,6,8.0,94.8,Bachelor,64.0,C,Pass
586,17,76,12.1,7,7.3,82.8,Bachelor,39.0,Fail,Fail
587,17,86,15.1,11,8.4,93.4,Master,75.0,C,Pass
588,16,82,15.8,5,6.1,79.9,Master,90.1,A,Pass
589,18,91,11.5,6,6.2,75.0,Bachelor,70.8,C,Pass
590,16,99,23.9,6,5.6,84.2,Bachelor,63.6,C,Pass
591,17,73,20.8,7,6.7,80.3,Bachelor,37.8,Fail,Fail
592,17,89,17.6,7,7.4,72.6,Master,64.8,C,Pass
593,18,87,15.8,9,7.4,93.8,High School,37.8,Fail,Fail
594,18,93,14.8,2,7.4,77.0,Master,49.8,Fail,Fail
595,18,90,12.2,2,6.2,67.3,Master,41.8,Fail,Fail
596,17,82,15.8,6,7.9,92.6,Master,80.8,B,Pass
597,17,85,16.4,9,7.5,78.0,Bachelor,68.1,C,Pass
598,16,82,11.2,3,7.9,77.1,None,75.2,B,Pass
599,17,97,16.7,1,5.8,67.9,High School,42.1,Fail,Fail
600,18,88,15.0,8,7.5,95.9,Bachelor,36.6,Fail,Fail
601,18,100,8.8,7,6.3,71.7,Bachelor,41.5,Fail,Fail
602,16,88,12.5,4,7.0,82.5,Bachelor,44.3,Fail,Fail
603,18,82,14.1,5,7.7,89.3,Bachelor,36.3,Fail,Fail
604,19,76,22.1,5,7.4,85.4,Master,89.1,A,Pass
605,18,74,17.4,7,6.6,81.5,Master,57.8,Fail,Fail
606,19,75,10.8,5,7.3,68.4,High School,53.5,Fail,Fail
607,16,90,17.2,7,6.1,75.5,Master,49.5,Fail,Fail
608,16,92,10.1,1,8.2,83.5,Master,88.4,A,Pass
609,16,75,19.3,5,7.1,75.7,Master,87.2,B,Pass
610,19,95,13.9,4,8.2,83.6,Bachelor,45.6,Fail,Fail
611,18,84,15.2,6,6.9,87.5,Bachelor,71.5,C,Pass
612,17,89,20.1,5,6.9,89.7,Master,81.5,B,Pass
613,17,100,11.0,8,6.7,72.2,Bachelor,48.4,Fail,Fail
614,16,95,10.6,3,8.0,98.0,Bachelor,41.4,Fail,Fail
615,20,86,13.5,7,6.7,88.1,High School,64.7,C,Pass
616,17,81,19.1,8,7.8,82.0,Master,52.3,Fail,Fail
617,17,71,10.2,10,7.0,90.7,Bachelor,69.6,C,Pass
618,18,82,5.6,6,5.7,98.0,Master,70.2,C,Pass
619,18,86,13.9,7,6.8,70.5,High School,66.6,C,Pass
620,17,80,17.4,3,6.4,80.2,Bachelor,63.1,C,Pass
621,16,87,19.7,2,7.3,63.0,Bachelor,74.4,C,Pass
622,18,89,13.9,8,6.3,83.5,High School,44.0,Fail,Fail
623,19,86,14.1,6,8.0,84.9,Bachelor,72.8,C,Pass
624,19,83,19.5,9,7.2,81.7,Bachelor,63.2,C,Pass
625,19,89,9.0,4,7.2,76.8,Master,81.5,B,Pass
626,17,92,14.1,8,7.8,65.6,High School,45.5,Fail,Fail
627,16,79,16.2,10,8.1,85.0,Bachelor,70.8,C,Pass
628,17,99,17.1,7,7.3,93.6,Bachelor,91.9,A,Pass
629,17,87,13.7,7,6.7,77.3,Bachelor,94.4,A,Pass
630,18,88,15.6,7,5.9,85.5,None,46.6,Fail,Fail
631,16,94,6.8,3,6.8,69.5,Bachelor,36.1,Fail,Fail
632,19,90,13.2,9,6.8,85.7,Master,45.8,Fail,Fail
633,17,96,17.1,5,7.4,78.9,High School,63.7,C,Pass
634,17,90,12.1,8,7.0,75.9,Bachelor,65.0,C,Pass
635,16,83,15.7,3,7.9,75.9,None,50.5,Fail,Fail
636,16,91,17.1,4,6.8,78.9,High School,77.0,B,Pass
637,18,79,14.3,9,7.3,85.1,High School,82.0,B,Pass
638,17,89,16.1,6,8.2,71.5,Bachelor,54.4,Fail,Fail
639,16,88,12.1,9,7.6,78.8,Master,82.7,B,Pass
640,16,86,14.8,6,7.3,81.7,High School,72.2,C,Pass
641,17,87,17.6,3,6.8,73.2,None,72.2,C,Pass
642,19,73,16.0,8,6.8,96.4,Bachelor,76.0,B,Pass
643,17,84,13.4,5,6.6,75.2,High School,92.4,A,Pass
644,16,89,16.3,8,6.9,76.6,Bachelor,87.2,B,Pass
645,17,89,18.0,7,7.9,74.2,Bachelor,76.3,B,Pass
646,17,80,8.3,3,7.1,96.4,Bachelor,80.8,B,Pass
647,16,98,19.6,7,6.2,86.4,High School,49.7,Fail,Fail
648,17,81,14.3,11,8.7,74.5,Master,87.7,B,Pass
649,17,96,17.0,7,7.6,90.8,Master,67.4,C,Pass
650,18,91,19.7,6,6.2,83.6,None,76.1,B,Pass
651,19,83,10.7,9,6.9,84.1,Bachelor,66.4,C,Pass
652,18,100,13.0,7,7.4,79.2,Master,50.9,Fail,Fail
653,17,78,14.5,7,8.7,76.0,Bachelor,62.2,C,Pass
654,16,95,12.8,4,6.4,84.7,Bachelor,54.0,Fail,Fail
655,20,96,21.6,7,8.1,77.6,Master,57.5,Fail,Fail
656,17,83,12.5,9,8.4,96.5,High School,49.2,Fail,Fail
657,17,99,13.6,5,6.8,71.8,Master,93.5,A,Pass
658,17,86,16.2,9,7.1,94.3,High School,88.2,A,Pass
659,17,90,11.3,6,6.5,81.1,Bachelor,36.9,Fail,Fail
660,17,90,14.1,5,7.1,84.4,Bachelor,81.6,B,Pass
661,17,87,16.6,8,7.3,88.7,Master,63.7,C,Pass
662,17,94,14.3,6,7.8,77.0,Bachelor,62.3,C,Pass
663,17,94,15.2,8,8.2,88.9,Bachelor,35.8,Fail,Fail
664,17,74,13.6,6,6.7,60.3,Master,87.8,B,Pass
665,16,98,10.2,6,5.7,76.2,Bachelor,79.2,B,Pass
666,17,75,16.6,7,7.3,74.6,Bachelor,54.0,Fail,Fail
667,17,96,21.6,7,7.5,72.0,Master,35.7,Fail,Fail
668,19,97,15.6,3,7.5,80.3,Master,38.5,Fail,Fail
669,16,79,16.3,4,7.0,85.1,High School,82.0,B,Pass
670,18,85,17.9,8,7.4,87.6,Master,45.2,Fail,Fail
671,18,79,11.1,6,8.5,83.9,Bachelor,83.1,B,Pass
672,16,86,21.5,5,7.6,76.7,High School,42.3,Fail,Fail
673,17,86,16.2,4,7.0,85.0,High School,73.6,C,Pass
674,17,94,21.2,4,6.9,83.0,Bachelor,75.0,C,Pass
675,16,98,12.9,2,7.2,89.5,Bachelor,62.8,C,Pass
676,16,99,21.9,6,8.6,88.2,Master,86.6,B,Pass
677,16,84,18.2,5,7.2,82.2,Master,77.7,B,Pass
678,19,86,17.4,5,7.3,74.8,High School,77.8,B,Pass
679,18,75,16.3,6,6.9,76.8,Master,62.5,C,Pass
680,18,82,14.6,7,8.2,77.6,Master,81.3,B,Pass
681,18,96,19.7,11,8.9,79.5,None,49.6,Fail,Fail
682,16,100,16.0,3,7.7,84.1,Master,88.1,A,Pass
683,17,78,8.6,9,7.4,87.7,Bachelor,53.0,Fail,Fail
684,18,83,11.6,8,7.3,81.6,High School,41.7,Fail,Fail
685,16,88,14.8,5,5.5,82.1,Bachelor,71.9,C,Pass
686,18,90,16.6,7,7.9,83.1,High School,49.3,Fail,Fail
687,17,82,15.3,6,7.4,77.9,None,39.5,Fail,Fail
688,17,91,19.8,7,7.6,74.6,Master,77.0,B,Pass
689,18,84,8.7,10,6.7,68.0,Master,56.6,Fail,Fail
690,18,88,16.0,8,7.0,76.4,Master,51.4,Fail,Fail
691,17,92,9.1,8,7.0,85.8,Bachelor,61.4,C,Pass
692,18,88,18.2,6,8.1,76.4,Bachelor,94.1,A,Pass
693,16,85,15.2,4,7.0,80.1,Master,86.7,B,Pass
694,18,87,17.0,6,9.0,85.7,High School,69.6,C,Pass
695,18,87,12.5,9,7.6,86.2,Master,70.4,C,Pass
696,17,85,20.0,3,6.3,73.4,Bachelor,37.7,Fail,Fail
697,18,86,19.1,4,7.2,90.0,Master,81.5,B,Pass
698,16,100,17.5,7,6.8,91.0,High School,69.9,C,Pass
699,18,92,15.0,5,5.5,73.0,Master,39.4,Fail,Fail
700,17,86,17.5,5,8.6,75.4,Master,81.5,B,Pass
701,17,94,13.0,6,7.9,91.5,High School,50.7,Fail,Fail
702,18,85,18.5,4,7.7,80.8,Master,92.9,A,Pass
703,16,97,21.3,5,7.4,64.2,Bachelor,56.1,Fail,Fail
704,16,91,19.2,8,6.2,70.8,High School,77.9,B,Pass
705,16,87,12.9,4,6.9,80.0,Bachelor,70.2,C,Pass
706,18,92,16.8,3,8.0,72.7,None,61.8,C,Pass
707,16,75,11.0,5,6.5,78.7,Bachelor,72.3,C,Pass
708,19,79,17.5,8,5.5,82.3,Bachelor,63.5,C,Pass
709,16,78,17.1,6,7.1,93.7,High School,93.5,A,Pass
710,19,89,9.0,6,7.2,79.7,Bachelor,40.0,Fail,Fail
711,17,100,11.4,7,7.4,90.6,Master,58.5,Fail,Fail
712,17,100,14.5,3,7.9,93.4,High School,76.4,B,Pass
713,17,93,14.4,7,7.8,93.5,High School,77.1,B,Pass
714,18,92,11.3,7,7.5,84.3,None,42.4,Fail,Fail
715,17,74,16.9,6,8.3,66.3,Bachelor,86.4,B,Pass
716,18,84,16.4,9,6.1,85.7,Master,83.9,B,Pass
717,17,82,14.8,4,7.7,90.4,Bachelor,64.2,C,Pass
718,17,83,12.9,9,7.8,81.4,Bachelor,48.5,Fail,Fail
719,17,87,19.2,7,6.3,96.0,High School,43.9,Fail,Fail
720,17,84,21.3,6,6.1,88.9,Bachelor,83.5,B,Pass
721,18,72,13.8,6,6.7,86.5,Master,78.7,B,Pass
722,16,94,13.4,6,6.8,90.7,Master,35.5,Fail,Fail
723,16,79,17.2,9,7.9,84.7,Master,79.0,B,Pass
724,18,90,14.2,4,6.8,62.1,None,67.6,C,Pass
725,17,100,15.0,5,6.6,78.0,Bachelor,76.6,B,Pass
726,17,81,18.1,9,6.8,91.6,Master,41.2,Fail,Fail
727,17,68,8.8,5,8.2,75.5,High School,94.1,A,Pass
728,18,86,20.1,8,7.3,80.2,Master,42.6,Fail,Fail
729,17,97,15.8,10,7.2,73.6,Bachelor,67.4,C,Pass
730,16,100,14.1,6,7.2,96.3,Master,85.3,B,Pass
731,17,78,15.2,8,8.3,95.5,Bachelor,70.2,C,Pass
732,16,92,15.4,4,6.7,74.9,Bachelor,89.9,A,Pass
733,18,84,9.4,8,8.4,83.2,High School,67.2,C,Pass
734,16,87,20.7,7,7.5,76.6,Master,73.6,C,Pass
735,18,100,15.6,7,7.2,86.9,High School,59.1,Fail,Fail
736,18,76,17.1,5,9.3,86.1,High School,45.3,Fail,Fail
737,17,90,18.8,3,6.5,88.5,Master,89.7,A,Pass
738,18,92,11.9,8,7.0,84.7,Bachelor,51.8,Fail,Fail
739,19,97,17.2,2,6.3,98.0,Bachelor,59.9,Fail,Fail
740,18,89,14.6,6,8.1,73.8,Bachelor,60.5,C,Pass
741,16,90,18.5,8,8.7,68.3,High School,72.8,C,Pass
742,16,85,8.1,7,8.6,78.9,Bachelor,42.2,Fail,Fail
743,17,90,15.2,10,8.3,69.5,Bachelor,45.8,Fail,Fail
744,17,85,13.4,9,7.1,70.1,Master,65.6,C,Pass
745,18,93,17.0,5,7.0,74.0,Bachelor,66.0,C,Pass
746,16,85,17.1,7,6.0,74.6,Bachelor,85.0,B,Pass
747,17,91,13.0,6,8.9,74.4,Master,61.4,C,Pass
748,16,88,13.0,3,7.7,86.1,Bachelor,64.6,C,Pass
749,17,97,15.1,5,6.9,78.0,Bachelor,65.7,C,Pass
750,16,88,12.4,5,8.4,80.6,Bachelor,62.5,C,Pass
751,16,74,18.4,2,6.5,89.2,Master,85.9,B,Pass
752,16,98,14.2,7,7.6,75.9,Master,61.9,C,Pass
753,16,81,5.3,6,7.2,79.9,Bachelor,77.9,B,Pass
754,18,83,14.2,3,7.8,84.9,Master,67.1,C,Pass
755,16,83,11.9,7,7.2,66.5,Bachelor,83.3,B,Pass
756,20,99,9.8,8,6.1,62.9,High School,82.7,B,Pass
757,18,71,11.2,7,7.4,84.8,Bachelor,94.0,A,Pass
758,17,100,15.9,6,8.1,85.9,Master,74.6,C,Pass
759,16,96,20.2,8,7.3,98.0,High School,60.2,C,Pass
760,18,90,16.6,8,7.9,83.3,High School,80.6,B,Pass
761,17,88,13.4,7,6.5,88.6,Bachelor,80.6,B,Pass
762,17,90,17.1,5,7.3,80.4,Bachelor,68.5,C,Pass
763,20,92,13.9,7,6.8,84.4,Master,68.2,C,Pass
764,17,93,13.1,9,7.9,95.3,Bachelor,78.6,B,Pass
765,18,92,11.5,5,7.3,65.0,High School,56.3,Fail,Fail
766,16,89,9.4,11,7.9,85.3,Master,47.0,Fail,Fail
767,17,86,14.1,5,8.2,98.0,Master,50.6,Fail,Fail
768,19,87,16.1,7,7.9,84.3,Bachelor,56.8,Fail,Fail
769,17,86,15.2,5,7.5,95.2,Master,62.2,C,Pass
770,19,97,14.0,7,6.5,77.0,Master,41.2,Fail,Fail
771,18,93,12.2,3,7.3,81.7,High School,94.2,A,Pass
772,17,64,17.6,5,6.9,82.3,Bachelor,51.5,Fail,Fail
773,18,93,10.9,4,7.0,64.3,Bachelor,66.5,C,Pass
774,18,90,18.2,7,7.0,72.7,Bachelor,90.7,A,Pass
775,18,88,12.0,8,6.5,73.2,Bachelor,58.9,Fail,Fail
776,16,85,12.9,8,5.7,88.6,Master,81.1,B,Pass
777,16,97,10.4,2,6.8,89.0,High School,55.8,Fail,Fail
778,17,96,13.7,11,7.5,84.6,Bachelor,37.3,Fail,Fail
779,17,82,18.9,7,6.2,88.6,High School,48.1,Fail,Fail
780,18,91,17.3,5,7.3,80.7,Bachelor,92.0,A,Pass
781,17,80,18.9,7,8.8,91.6,Bachelor,83.9,B,Pass
782,16,77,17.3,7,8.1,82.1,Bachelor,47.9,Fail,Fail
783,18,83,11.6,5,8.6,82.5,Bachelor,36.4,Fail,Fail
784,18,95,14.3,7,7.6,79.9,High School,90.1,A,Pass
785,18,96,12.8,5,8.2,87.5,Bachelor,59.3,Fail,Fail
786,18,92,20.2,6,6.7,78.6,Master,82.9,B,Pass
787,18,94,11.3,5,6.8,89.8,Master,59.8,Fail,Fail
788,18,92,18.6,4,5.5,72.9,High School,63.6,C,Pass
789,17,83,18.6,7,8.2,73.2,Bachelor,69.4,C,Pass
790,16,91,21.9,8,8.5,87.5,Bachelor,76.4,B,Pass
791,18,94,14.1,8,6.9,81.3,Bachelor,66.1,C,Pass
792,17,94,18.0,8,7.1,78.4,Bachelor,43.0,Fail,Fail
793,17,98,23.5,7,6.7,89.1,Bachelor,54.0,Fail,Fail
794,16,94,13.3,5,7.6,77.1,High School,81.4,B,Pass
795,16,91,10.1,8,8.2,80.4,Master,84.6,B,Pass
796,18,97,8.9,4,5.9,93.2,Master,88.8,A,Pass
797,17,88,18.0,5,7.6,94.3,Master,83.5,B,Pass
798,18,81,8.9,5,7.1,94.6,Bachelor,75.0,C,Pass
799,17,87,14.2,9,7.4,79.7,Bachelor,57.9,Fail,Fail
800,17,82,17.0,8,7.7,91.8,None,44.3,Fail,Fail
801,18,83,16.1,7,7.1,74.4,High School,55.5,Fail,Fail
802,17,87,17.0,9,7.2,74.7,High School,80.7,B,Pass
803,17,82,16.3,5,7.1,63.2,High School,35.4,Fail,Fail
804,17,86,20.0,7,8.1,95.4,Bachelor,65.9,C,Pass
805,17,73,12.2,6,7.6,75.1,Bachelor,54.5,Fail,Fail
806,17,90,13.1,8,7.5,81.0,Bachelor,62.6,C,Pass
807,17,88,12.8,6,6.3,74.7,Bachelor,65.5,C,Pass
808,17,81,18.4,6,7.0,87.6,Bachelor,80.3,B,Pass
809,18,93,18.7,8,8.0,79.0,Master,54.4,Fail,Fail
810,16,96,17.1,8,7.3,71.6,Master,56.8,Fail,Fail
811,17,75,19.6,5,7.8,85.5,High School,48.4,Fail,Fail
812,17,82,11.4,6,8.7,70.5,Master,43.3,Fail,Fail
813,19,82,21.3,4,8.1,75.3,High School,57.1,Fail,Fail
814,17,80,20.8,2,7.4,65.1,Bachelor,42.2,Fail,Fail
815,18,95,18.1,7,6.9,70.6,Bachelor,86.7,B,Pass
816,16,86,21.7,8,5.5,83.4,Master,35.2,Fail,Fail
817,17,86,9.7,7,7.2,66.3,Bachelor,73.1,C,Pass
818,18,72,13.7,3,7.0,70.2,Bachelor,89.7,A,Pass
819,17,93,12.9,6,7.6,82.0,Bachelor,69.6,C,Pass
820,18,78,18.0,2,7.2,77.7,Bachelor,69.7,C,Pass
821,17,88,11.8,9,7.0,97.9,Master,36.9,Fail,Fail
822,19,90,18.2,4,5.9,96.7,Bachelor,44.1,Fail,Fail
823,19,99,20.3,9,6.5,75.1,Master,64.3,C,Pass
824,17,78,17.9,8,7.7,86.5,Master,55.2,Fail,Fail
825,17,64,16.5,5,8.7,88.0,Bachelor,71.5,C,Pass
826,19,89,12.0,4,7.2,77.2,Bachelor,48.7,Fail,Fail
827,19,100,12.5,7,7.6,70.0,Bachelor,53.7,Fail,Fail
828,17,98,19.9,5,8.1,81.9,Bachelor,91.0,A,Pass
829,17,90,18.2,7,6.7,80.6,Master,50.5,Fail,Fail
830,17,84,15.4,6,7.6,78.5,High School,39.4,Fail,Fail
831,16,94,14.0,3,6.7,85.5,Master,94.8,A,Pass
832,16,80,8.4,2,8.0,76.0,Bachelor,93.4,A,Pass
833,16,92,11.8,7,7.4,72.8,Master,69.5,C,Pass
834,16,92,22.2,5,7.5,82.9,Master,68.8,C,Pass
835,17,96,11.0,5,6.7,85.1,Master,63.5,C,Pass
836,17,100,16.2,8,7.9,72.6,Master,51.7,Fail,Fail
837,19,91,19.0,9,9.0,89.4,Master,76.2,B,Pass
838,16,84,11.1,6,6.5,67.8,Master,61.8,C,Pass
839,18,88,16.1,6,7.0,77.4,Master,90.0,A,Pass
840,17,74,18.8,8,7.5,79.9,Bachelor,82.6,B,Pass
841,17,82,15.5,4,7.9,76.9,Master,81.2,B,Pass
842,18,85,25.0,7,6.9,77.5,Bachelor,54.9,Fail,Fail
843,16,84,9.7,8,5.5,97.0,Bachelor,64.5,C,Pass
844,18,89,19.2,8,8.4,75.2,None,37.1,Fail,Fail
845,17,81,14.9,3,7.9,98.0,None,87.4,B,Pass
846,18,97,18.2,5,5.9,85.5,Bachelor,43.5,Fail,Fail
847,17,88,17.0,5,6.8,82.7,Bachelor,75.9,B,Pass
848,20,88,12.9,7,8.6,85.8,Bachelor,36.5,Fail,Fail
849,17,85,16.3,7,8.5,98.0,Master,94.7,A,Pass
850,17,89,9.0,9,8.1,74.1,High School,62.6,C,Pass
851,17,95,17.6,6,7.2,73.0,None,52.7,Fail,Fail
852,17,81,16.5,6,7.4,76.0,Master,57.8,Fail,Fail
853,17,83,17.7,9,7.2,82.3,Bachelor,79.6,B,Pass
854,18,86,19.2,7,8.2,68.2,Master,48.7,Fail,Fail
855,19,77,16.8,9,6.6,82.2,Bachelor,80.9,B,Pass
856,17,81,16.0,7,6.7,95.5,High School,93.1,A,Pass
857,16,84,12.4,4,8.1,83.2,High School,44.7,Fail,Fail
858,18,95,13.0,4,7.3,79.7,Master,57.2,Fail,Fail
859,17,90,19.7,3,8.4,77.1,Bachelor,53.4,Fail,Fail
860,18,90,20.5,8,6.8,89.2,Bachelor,76.6,B,Pass
861,17,95,14.7,9,7.3,75.4,Bachelor,39.9,Fail,Fail
862,16,87,15.7,10,6.6,96.8,High School,52.3,Fail,Fail
863,19,91,12.3,8,7.3,97.5,Master,45.4,Fail,Fail
864,19,87,19.6,9,6.1,84.1,Bachelor,64.6,C,Pass
865,17,90,17.8,5,6.9,81.9,Master,94.6,A,Pass
866,17,83,22.3,4,6.2,90.2,High School,79.0,B,Pass
867,17,68,12.4,8,7.9,90.8,Bachelor,41.2,Fail,Fail
868,18,87,14.2,7,7.9,75.6,High School,74.5,C,Pass
869,18,99,16.3,7,5.9,77.8,High School,84.7,B,Pass
870,19,95,17.8,7,8.4,71.4,High School,49.8,Fail,Fail
871,17,96,14.7,7,9.3,85.3,Bachelor,86.6,B,Pass
872,16,98,12.4,9,7.3,87.3,Bachelor,71.6,C,Pass
873,16,89,18.6,9,6.8,71.2,Bachelor,58.0,Fail,Fail
874,16,90,18.0,8,9.5,78.4,Bachelor,76.3,B,Pass
875,17,83,12.3,8,6.2,71.2,Bachelor,77.2,B,Pass
876,19,85,20.2,8,7.3,74.8,Master,49.3,Fail,Fail
877,17,93,19.6,6,7.4,86.4,Master,87.5,B,Pass
878,17,98,16.0,8,8.4,76.1,High School,62.3,C,Pass
879,17,87,15.8,4,7.6,79.6,Bachelor,90.5,A,Pass
880,18,84,17.4,9,6.9,69.0,Master,42.1,Fail,Fail
881,20,88,12.5,4,6.5,83.5,High School,44.4,Fail,Fail
882,17,93,15.6,7,7.0,81.6,High School,50.3,Fail,Fail
883,17,76,8.0,5,6.5,76.2,High School,54.4,Fail,Fail
884,18,70,18.6,8,7.3,80.5,Master,81.5,B,Pass
885,18,84,10.0,6,6.8,83.4,High School,40.4,Fail,Fail
886,19,78,20.8,3,6.1,75.5,Bachelor,39.5,Fail,Fail
887,18,84,14.3,7,8.3,70.2,Master,87.8,B,Pass
888,17,87,14.8,5,6.9,96.4,Bachelor,87.9,B,Pass
889,18,84,13.3,8,6.3,76.9,Bachelor,52.9,Fail,Fail
890,18,100,14.5,7,7.2,81.2,Bachelor,52.3,Fail,Fail
891,18,91,20.5,7,7.4,90.1,Bachelor,61.3,C,Pass
892,18,90,6.8,5,5.9,98.0,Bachelor,87.7,B,Pass
893,18,93,20.0,5,7.6,72.0,Bachelor,56.6,Fail,Fail
894,18,79,16.7,6,6.5,85.6,Bachelor,36.0,Fail,Fail
895,19,96,11.3,8,8.7,76.3,High School,82.0,B,Pass
896,18,87,11.7,10,7.7,77.7,Bachelor,89.9,A,Pass
897,17,93,21.4,5,7.0,76.2,Master,40.2,Fail,Fail
898,17,79,12.2,9,6.7,73.0,Bachelor,89.8,A,Pass
899,18,76,11.5,2,7.2,81.7,High School,76.6,B,Pass
900,16,95,19.5,4,7.8,70.2,High School,69.5,C,Pass
901,18,91,16.7,5,7.3,89.6,Master,69.2,C,Pass
902,17,81,12.2,4,7.1,82.4,Master,37.5,Fail,Fail
903,17,81,16.3,3,7.3,85.4,Bachelor,68.1,C,Pass
904,18,97,11.9,7,6.8,78.3,None,74.7,C,Pass
905,17,78,19.4,6,7.0,79.1,High School,37.5,Fail,Fail
906,17,100,19.2,7,5.6,84.3,High School,83.1,B,Pass
907,16,81,17.4,8,8.1,72.7,Master,40.9,Fail,Fail
908,18,93,16.8,7,7.5,79.1,Bachelor,54.9,Fail,Fail
909,18,85,21.7,8,6.7,75.1,High School,92.2,A,Pass
910,19,93,15.5,6,8.8,74.9,Bachelor,55.3,Fail,Fail
911,17,84,11.4,4,7.4,65.1,Master,59.7,Fail,Fail
912,17,87,17.1,9,6.5,92.7,Bachelor,89.5,A,Pass
913,17,88,22.8,5,8.0,76.5,High School,62.4,C,Pass
914,19,80,11.9,5,7.6,91.3,Bachelor,43.5,Fail,Fail
915,17,94,14.2,6,7.6,90.6,Bachelor,41.4,Fail,Fail
916,17,84,17.0,5,7.0,71.7,Master,82.8,B,Pass
917,18,86,15.3,6,7.7,73.3,High School,81.5,B,Pass
918,17,80,12.1,7,7.1,98.0,Master,45.5,Fail,Fail
919,17,68,19.4,7,7.7,96.0,Bachelor,79.3,B,Pass
920,17,86,23.6,5,5.8,81.7,Bachelor,38.8,Fail,Fail
921,18,100,16.2,6,7.0,84.1,High School,67.4,C,Pass
922,16,94,12.3,9,8.7,77.0,None,94.5,A,Pass
923,17,88,10.1,7,6.7,85.5,High School,57.1,Fail,Fail
924,16,86,16.4,11,6.8,76.3,Master,85.3,B,Pass
925,18,88,19.4,9,6.9,65.7,High School,83.9,B,Pass
926,16,92,17.2,9,6.3,71.4,Bachelor,90.2,A,Pass
927,17,79,15.5,4,5.5,82.2,Master,93.9,A,Pass
928,18,97,13.4,8,7.1,73.0,Master,86.0,B,Pass
929,19,94,11.7,6,7.4,81.5,Bachelor,65.7,C,Pass
930,17,94,18.4,5,7.3,73.4,High School,48.3,Fail,Fail
931,17,92,18.7,7,7.2,75.7,Master,37.7,Fail,Fail
932,19,88,10.1,8,7.3,88.8,Bachelor,54.6,Fail,Fail
933,16,93,21.1,8,8.1,84.0,Bachelor,60.0,Fail,Pass
934,16,93,17.5,5,7.1,81.9,Bachelor,89.8,A,Pass
935,18,85,20.4,8,6.8,89.0,Master,68.9,C,Pass
936,17,83,10.8,5,7.1,85.8,Bachelor,69.0,C,Pass
937,16,89,10.7,7,7.8,93.6,Bachelor,60.4,C,Pass
938,18,100,15.0,6,8.4,78.3,Master,37.7,Fail,Fail
939,17,78,17.3,6,6.8,78.6,Master,41.3,Fail,Fail
940,17,76,21.8,8,7.4,71.6,High School,40.8,Fail,Fail
941,16,89,18.0,4,7.6,78.6,Master,48.5,Fail,Fail
942,18,88,14.7,10,6.5,89.7,High School,83.4,B,Pass
943,18,89,11.9,3,7.3,92.4,High School,78.6,B,Pass
944,17,90,19.8,5,6.1,89.7,High School,72.0,C,Pass
945,19,86,12.1,7,5.9,67.6,Master,91.2,A,Pass
946,16,100,21.2,8,7.6,90.7,Bachelor,35.1,Fail,Fail
947,16,75,14.5,6,7.0,67.3,None,94.6,A,Pass
948,17,81,21.1,6,7.5,89.2,Bachelor,90.4,A,Pass
949,17,87,17.9,7,7.3,79.1,Bachelor,91.6,A,Pass
950,17,75,15.0,6,6.5,87.6,Bachelor,91.5,A,Pass
951,17,87,13.7,9,7.3,71.3,Bachelor,40.1,Fail,Fail
952,18,100,14.3,8,6.3,91.4,None,53.0,Fail,Fail
953,16,88,17.0,8,8.4,70.3,Master,61.0,C,Pass
954,19,90,15.8,5,6.2,76.7,Master,71.2,C,Pass
955,17,78,13.4,6,7.1,74.0,Master,79.7,B,Pass
956,18,83,14.9,6,6.5,68.0,Master,47.9,Fail,Fail
957,18,85,15.8,4,7.8,82.8,Bachelor,38.4,Fail,Fail
958,18,85,8.0,7,7.0,96.4,Master,67.4,C,Pass
959,18,98,17.1,5,6.9,98.0,Master,92.9,A,Pass
960,18,92,12.1,8,8.0,82.8,Bachelor,86.5,B,Pass
961,18,79,11.5,4,7.3,90.9,High School,80.2,B,Pass
962,19,90,9.6,10,7.7,83.9,Bachelor,47.6,Fail,Fail
963,17,92,9.2,5,6.5,86.0,Bachelor,56.7,Fail,Fail
964,18,97,10.8,7,6.2,79.3,Bachelor,42.7,Fail,Fail
965,17,100,13.0,8,7.4,83.6,Bachelor,64.0,C,Pass
966,19,80,22.3,5,7.0,86.3,High School,49.8,Fail,Fail
967,17,82,13.7,8,7.8,77.4,High School,77.0,B,Pass
968,19,78,16.1,4,7.2,81.4,Bachelor,39.6,Fail,Fail
969,17,86,16.9,9,7.5,81.5,Master,50.9,Fail,Fail
970,16,92,16.0,7,6.0,88.6,Master,50.2,Fail,Fail
971,17,96,15.2,5,8.8,73.5,Bachelor,88.5,A,Pass
972,17,87,11.3,6,7.2,81.6,Bachelor,90.1,A,Pass
973,18,85,20.6,8,7.9,97.3,None,63.4,C,Pass
974,17,89,21.8,5,6.6,91.3,Master,61.3,C,Pass
975,17,81,9.6,5,7.5,92.8,None,46.7,Fail,Fail
976,16,100,11.9,6,6.3,82.2,Bachelor,71.7,C,Pass
977,17,75,14.5,4,7.7,84.6,Master,53.3,Fail,Fail
978,16,89,12.1,10,7.0,90.0,Bachelor,46.7,Fail,Fail
979,16,100,17.3,5,7.3,94.5,Bachelor,67.4,C,Pass
980,18,88,13.0,8,7.9,66.4,Master,54.7,Fail,Fail
981,18,86,23.1,7,6.3,71.5,Bachelor,39.1,Fail,Fail
982,18,85,19.7,5,6.8,92.5,Bachelor,66.6,C,Pass
983,16,87,16.2,6,7.7,79.8,Bachelor,58.4,Fail,Fail
984,17,99,19.1,8,9.0,76.6,Bachelor,86.7,B,Pass
985,17,70,19.4,6,7.2,72.0,Master,83.5,B,Pass
986,16,100,13.5,9,7.8,77.6,Master,39.2,Fail,Fail
987,19,77,12.6,9,7.2,70.8,Bachelor,89.7,A,Pass
988,18,86,15.8,8,8.9,98.0,Bachelor,93.6,A,Pass
989,17,85,18.5,6,5.9,81.8,Bachelor,82.2,B,Pass
990,17,93,16.0,4,7.4,81.5,Master,47.1,Fail,Fail
991,17,75,10.0,5,6.0,86.7,Bachelor,60.1,C,Pass
992,16,92,12.7,7,5.5,89.7,High School,62.2,C,Pass
993,17,100,15.2,8,7.5,89.6,Bachelor,68.6,C,Pass
994,17,77,15.2,2,7.4,90.6,Bachelor,81.2,B,Pass
995,16,90,22.4,6,7.1,77.0,High School,38.9,Fail,Fail
996,17,83,10.6,7,7.2,79.6,Master,91.1,A,Pass
997,19,91,17.3,6,9.5,88.2,Bachelor,95.0,A,Pass
998,18,88,20.7,9,7.1,77.8,High School,71.0,C,Pass
999,17,83,23.5,7,7.7,82.0,Master,93.5,A,Pass
1000,18,92,14.1,9,6.8,85.2,High School,77.8,B,Pass
1001,19,100,17.2,6,7.5,88.3,Master,47.9,Fail,Fail
1002,18,86,17.5,8,7.1,67.8,Master,50.5,Fail,Fail
1003,17,94,16.2,10,7.0,87.7,None,46.4,Fail,Fail
1004,17,78,15.2,9,8.8,80.1,Bachelor,77.8,B,Pass
1005,18,80,17.0,4,8.2,87.7,Master,52.9,Fail,Fail
1006,18,92,6.6,6,7.4,88.2,Master,50.0,Fail,Fail
1007,18,100,17.9,6,5.5,94.9,Bachelor,62.8,C,Pass
1008,18,91,15.9,7,7.0,92.8,Bachelor,87.1,B,Pass
1009,18,85,14.7,8,9.5,92.8,Bachelor,45.6,Fail,Fail
1010,17,88,22.7,5,7.1,93.5,Master,94.7,A,Pass
1011,19,78,13.1,7,8.2,84.3,Master,63.6,C,Pass
1012,17,93,14.1,2,8.5,82.3,Master,46.3,Fail,Fail
1013,19,95,22.5,9,7.5,89.0,Bachelor,56.9,Fail,Fail
1014,17,84,12.6,5,6.6,87.9,Master,81.5,B,Pass
1015,19,84,13.6,7,5.5,79.5,High School,69.0,C,Pass
1016,17,90,15.0,6,7.8,85.2,Bachelor,42.0,Fail,Fail
1017,17,85,18.4,9,6.6,81.7,Master,72.1,C,Pass
1018,17,87,16.2,1,7.4,75.2,High School,82.6,B,Pass
1019,17,100,11.0,6,6.3,92.3,High School,81.3,B,Pass
1020,18,86,13.6,6,7.1,82.4,Master,81.9,B,Pass
1021,18,85,13.4,6,7.3,98.0,High School,56.4,Fail,Fail
1022,17,83,15.2,10,7.5,69.0,Bachelor,47.2,Fail,Fail
1023,17,94,17.0,5,6.4,77.5,High School,83.8,B,Pass
1024,19,87,17.0,8,8.3,82.3,Bachelor,53.8,Fail,Fail
1025,19,83,9.3,7,6.8,91.1,Bachelor,39.2,Fail,Fail
1026,18,99,19.2,9,6.0,85.2,Bachelor,89.5,A,Pass
1027,17,99,16.4,5,7.2,84.5,High School,86.8,B,Pass
1028,17,83,20.3,5,7.3,73.0,Bachelor,53.6,Fail,Fail
1029,18,73,17.1,9,7.4,72.7,Bachelor,40.4,Fail,Fail
1030,16,96,19.4,7,8.4,84.6,Bachelor,67.2,C,Pass
1031,17,83,17.1,3,7.1,71.1,High School,92.8,A,Pass
1032,16,94,20.2,5,7.2,77.7,High School,78.8,B,Pass
1033,18,72,17.3,7,6.4,86.0,Master,40.4,Fail,Fail
1034,18,95,15.2,8,8.0,74.1,Master,74.2,C,Pass
1035,17,78,23.5,5,7.4,94.8,Master,73.9,C,Pass
1036,19,94,18.6,1,7.0,91.8,Bachelor,70.3,C,Pass
1037,16,88,17.5,8,5.8,69.4,High School,78.6,B,Pass
1038,16,80,11.0,4,8.5,74.5,Bachelor,67.6,C,Pass
1039,17,85,11.0,2,6.3,63.7,Bachelor,69.4,C,Pass
1040,18,93,16.5,1,6.8,75.7,Bachelor,43.9,Fail,Fail
1041,19,89,16.0,8,7.6,88.1,Master,71.5,C,Pass
1042,17,93,13.4,7,6.3,78.7,Master,71.8,C,Pass
1043,18,100,16.0,6,6.1,85.7,Master,46.6,Fail,Fail
1044,17,75,21.1,9,5.6,69.8,Bachelor,61.7,C,Pass
1045,17,100,17.9,8,7.9,88.4,Master,70.1,C,Pass
1046,18,89,11.5,10,6.9,77.6,Bachelor,79.3,B,Pass
1047,18,81,15.1,4,9.5,82.1,Bachelor,67.5,C,Pass
1048,16,77,12.7,6,6.5,81.3,Bachelor,58.9,Fail,Fail
1049,19,86,14.1,3,6.6,71.8,High School,51.3,Fail,Fail
1050,19,95,14.1,6,6.8,72.8,Bachelor,94.4,A,Pass
1051,17,87,13.8,6,7.5,89.7,Master,71.0,C,Pass
1052,18,100,11.1,8,6.9,85.2,Master,83.5,B,Pass
1053,18,76,15.1,7,7.8,90.4,Master,90.8,A,Pass
1054,17,88,13.5,8,6.5,84.6,Master,73.9,C,Pass
1055,17,78,5.2,8,6.2,83.1,Bachelor,70.1,C,Pass
1056,17,91,22.7,11,5.9,68.2,Bachelor,74.5,C,Pass
1057,17,95,19.3,6,5.5,79.8,Master,94.2,A,Pass
1058,18,85,14.2,5,6.9,81.8,Master,79.7,B,Pass
1059,18,67,15.6,7,7.1,97.6,High School,39.5,Fail,Fail
1060,17,90,11.4,5,6.8,87.5,High School,94.3,A,Pass
1061,18,91,21.4,9,8.3,94.3,Bachelor,36.3,Fail,Fail
1062,16,91,22.1,6,8.3,86.8,Bachelor,75.1,B,Pass
1063,18,98,16.0,5,7.0,76.3,Master,42.4,Fail,Fail
1064,16,79,19.1,6,5.9,82.9,Bachelor,71.6,C,Pass
1065,17,93,16.1,8,6.8,83.9,Bachelor,56.9,Fail,Fail
1066,16,98,10.8,6,6.8,74.5,High School,76.9,B,Pass
1067,16,74,14.1,5,6.8,78.9,Bachelor,58.9,Fail,Fail
1068,18,91,16.0,10,6.7,80.4,High School,55.2,Fail,Fail
1069,17,84,13.9,5,6.8,94.8,Master,37.3,Fail,Fail
1070,18,87,14.7,7,7.0,65.4,High School,66.8,C,Pass
1071,17,91,15.2,8,6.8,91.6,Bachelor,43.1,Fail,Fail
1072,18,84,15.2,3,7.5,74.5,Bachelor,90.6,A,Pass
1073,17,83,15.7,7,7.6,71.0,Master,73.2,C,Pass
1074,16,88,11.8,4,6.6,91.4,Bachelor,87.6,B,Pass
1075,18,79,13.0,8,8.3,87.9,Bachelor,40.4,Fail,Fail
1076,17,79,11.0,5,6.5,92.0,Bachelor,65.0,C,Pass
1077,16,93,18.9,8,6.0,88.4,Bachelor,54.0,Fail,Fail
1078,17,79,8.1,9,7.6,98.0,Bachelor,74.9,C,Pass
1079,19,93,19.5,8,6.6,86.5,High School,92.4,A,Pass
1080,18,92,20.4,7,7.6,80.7,Bachelor,46.3,Fail,Fail
1081,17,74,14.4,6,5.5,84.7,Bachelor,38.7,Fail,Fail
1082,17,83,6.4,5,8.4,91.9,Master,59.2,Fail,Fail
1083,17,98,14.2,9,7.8,75.8,None,80.3,B,Pass
1084,19,80,15.3,5,6.1,76.8,Bachelor,87.3,B,Pass
1085,18,84,12.0,4,6.1,79.5,Bachelor,63.5,C,Pass
1086,18,92,13.7,8,8.6,65.2,Master,71.1,C,Pass
1087,18,94,20.9,5,6.7,83.1,High School,35.6,Fail,Fail
1088,17,86,17.8,5,6.6,66.9,High School,94.1,A,Pass
1089,17,83,12.3,4,5.5,82.4,Master,87.7,B,Pass
1090,17,99,9.9,6,7.0,88.9,Bachelor,88.2,A,Pass
1091,17,100,14.4,6,7.1,78.2,Master,92.1,A,Pass
1092,17,96,14.8,7,7.9,95.4,Bachelor,50.9,Fail,Fail
1093,18,89,17.2,8,6.2,70.3,Master,81.0,B,Pass
1094,17,82,13.6,8,6.1,91.5,Master,48.0,Fail,Fail
1095,18,81,17.3,6,7.7,87.4,None,63.5,C,Pass
1096,17,92,22.3,6,8.1,68.3,Bachelor,36.5,Fail,Fail
1097,17,91,18.4,8,6.0,98.0,Bachelor,45.4,Fail,Fail
1098,16,99,15.3,9,8.2,81.5,Master,42.3,Fail,Fail
1099,18,93,14.9,7,7.3,75.0,Master,94.5,A,Pass
1100,18,76,14.3,6,8.2,70.7,High School,70.8,C,Pass
1101,18,96,19.6,5,7.2,80.2,Bachelor,90.1,A,Pass
1102,16,80,13.3,4,5.5,81.0,Bachelor,90.6,A,Pass
1103,19,85,15.7,8,7.2,82.8,Master,89.1,A,Pass
1104,17,90,15.7,8,8.1,79.6,Bachelor,83.2,B,Pass
1105,18,100,13.7,8,6.6,87.1,High School,84.6,B,Pass
1106,16,100,10.7,6,7.0,78.9,Master,61.8,C,Pass
1107,18,93,16.6,9,7.2,66.5,High School,36.8,Fail,Fail
1108,16,87,15.3,6,5.5,80.8,Master,91.4,A,Pass
1109,17,92,17.3,8,8.6,63.1,High School,92.0,A,Pass
1110,19,95,13.6,6,6.6,84.8,Bachelor,68.3,C,Pass
1111,17,85,19.8,5,7.7,74.2,High School,53.3,Fail,Fail
1112,17,100,12.4,8,7.2,83.3,Bachelor,71.6,C,Pass
1113,18,90,21.5,7,8.3,92.5,Master,87.4,B,Pass
1114,18,92,9.4,7,7.6,74.4,Bachelor,90.7,A,Pass
1115,17,93,17.0,7,7.1,90.5,Master,80.1,B,Pass
1116,18,91,17.2,6,6.6,78.5,Bachelor,48.8,Fail,Fail
1117,20,95,12.7,11,7.9,96.0,Bachelor,85.4,B,Pass
1118,17,83,17.0,9,5.8,79.1,None,56.1,Fail,Fail
1119,17,84,20.0,8,7.8,75.3,Bachelor,80.1,B,Pass
1120,18,79,7.7,7,6.4,87.5,High School,48.9,Fail,Fail
1121,18,92,17.3,9,8.3,78.5,None,70.0,C,Pass
1122,18,94,6.8,8,7.4,75.3,Bachelor,60.4,C,Pass
1123,18,92,12.1,7,7.8,78.2,Master,92.5,A,Pass
1124,16,100,21.2,6,7.4,81.6,Bachelor,54.0,Fail,Fail
1125,19,88,13.5,6,5.9,92.7,Bachelor,58.5,Fail,Fail
1126,16,93,11.4,1,6.6,66.5,Bachelor,50.0,Fail,Fail
1127,18,79,14.8,7,7.8,82.2,High School,92.9,A,Pass
1128,16,85,22.7,6,7.4,87.0,Bachelor,58.8,Fail,Fail
1129,17,94,9.1,10,8.2,83.5,Master,89.6,A,Pass
1130,18,95,11.8,7,7.6,92.5,Master,55.0,Fail,Fail
1131,18,86,20.7,4,6.5,81.4,High School,90.8,A,Pass
1132,18,87,22.0,6,6.7,80.5,Bachelor,38.2,Fail,Fail
1133,19,76,15.1,4,7.4,86.7,Master,38.4,Fail,Fail
1134,18,85,11.2,7,5.5,82.8,Master,53.6,Fail,Fail
1135,17,95,22.8,7,8.6,78.9,Master,54.8,Fail,Fail
1136,18,93,21.1,8,7.7,86.1,High School,42.6,Fail,Fail
1137,18,92,17.9,5,8.3,76.8,High School,92.0,A,Pass
1138,16,88,12.7,7,6.0,77.1,Bachelor,69.0,C,Pass
1139,18,88,15.3,4,8.3,77.8,Master,93.9,A,Pass
1140,18,83,14.9,8,9.1,92.8,Bachelor,41.9,Fail,Fail
1141,17,94,16.7,8,6.2,56.2,Bachelor,70.8,C,Pass
1142,19,91,20.6,7,7.9,85.2,Master,87.0,B,Pass
1143,17,92,18.6,7,7.3,82.3,Bachelor,85.0,B,Pass
1144,17,84,11.7,7,6.1,68.6,Bachelor,73.7,C,Pass
1145,17,71,20.3,10,7.7,84.5,None,79.8,B,Pass
1146,17,97,16.6,6,8.0,85.8,Bachelor,83.2,B,Pass
1147,16,84,17.9,7,6.8,86.7,High School,68.1,C,Pass
1148,16,81,20.6,4,8.2,60.8,Master,83.8,B,Pass
1149,19,94,11.6,5,6.0,92.9,Master,45.0,Fail,Fail
1150,16,85,15.4,7,6.1,76.1,High School,73.9,C,Pass
1151,16,96,13.6,9,7.4,87.5,Bachelor,65.5,C,Pass
1152,16,93,10.0,6,7.3,87.9,Bachelor,62.7,C,Pass
1153,17,93,16.7,6,6.7,75.0,Bachelor,94.6,A,Pass
1154,16,77,24.3,6,7.9,87.3,Bachelor,55.3,Fail,Fail
1155,19,98,9.1,5,7.7,78.9,High School,58.1,Fail,Fail
1156,18,90,15.4,7,8.0,65.4,High School,35.1,Fail,Fail
1157,17,85,17.7,4,7.2,91.3,Bachelor,89.9,A,Pass
1158,19,89,15.9,9,7.8,75.8,Bachelor,45.5,Fail,Fail
1159,18,74,15.1,5,6.9,75.2,Bachelor,81.8,B,Pass
1160,17,91,11.0,8,8.9,78.8,Bachelor,64.6,C,Pass
1161,16,80,16.3,4,6.6,84.2,Master,75.7,B,Pass
1162,19,77,12.9,8,9.0,81.5,Bachelor,58.4,Fail,Fail
1163,16,76,7.8,8,7.3,86.4,Master,74.9,C,Pass
1164,16,97,19.7,7,6.2,71.3,Bachelor,94.7,A,Pass
1165,18,83,18.9,5,8.4,76.1,Bachelor,83.8,B,Pass
1166,20,100,15.7,7,7.4,81.1,Master,76.2,B,Pass
1167,19,84,16.3,4,8.0,97.2,Master,60.6,C,Pass
1168,18,74,19.3,6,8.3,81.1,None,63.3,C,Pass
1169,18,79,16.3,9,7.6,90.7,High School,75.7,B,Pass
1170,18,98,18.7,8,6.8,82.3,Bachelor,46.3,Fail,Fail
1171,18,87,14.5,7,8.1,78.1,Bachelor,43.9,Fail,Fail
1172,17,84,20.1,5,7.3,80.0,High School,76.2,B,Pass
1173,17,89,16.6,8,7.8,80.7,High School,93.5,A,Pass
1174,17,92,16.2,7,5.6,86.8,High School,40.3,Fail,Fail
1175,16,97,11.1,2,7.7,93.0,Bachelor,87.7,B,Pass
1176,17,100,16.5,8,6.8,84.9,None,41.6,Fail,Fail
1177,16,85,12.6,6,8.6,91.5,Bachelor,58.7,Fail,Fail
1178,17,77,13.3,9,7.8,74.3,Master,92.5,A,Pass
1179,16,85,12.6,4,7.5,78.7,High School,59.5,Fail,Fail
1180,16,90,11.8,1,7.7,76.2,Bachelor,63.9,C,Pass
1181,17,80,22.9,7,6.5,84.5,High School,49.2,Fail,Fail
1182,19,80,20.2,7,8.6,79.1,Bachelor,87.7,B,Pass
1183,18,91,22.2,3,8.9,87.8,None,62.2,C,Pass
1184,16,88,11.2,5,7.6,74.6,Bachelor,82.9,B,Pass
1185,16,88,15.7,12,8.6,82.3,None,42.7,Fail,Fail
1186,18,82,11.0,6,6.8,87.5,Bachelor,75.9,B,Pass
1187,16,86,13.1,8,6.7,65.5,Master,50.2,Fail,Fail
1188,17,81,12.3,5,7.3,98.0,Master,81.9,B,Pass
1189,18,95,19.8,2,7.6,79.7,Master,46.1,Fail,Fail
1190,16,96,14.1,6,7.0,65.8,Bachelor,57.6,Fail,Fail
1191,17,73,19.2,6,7.7,83.3,Master,70.2,C,Pass
1192,16,81,17.6,6,7.5,82.3,Bachelor,89.1,A,Pass
1193,17,76,23.6,6,6.5,81.3,Master,58.0,Fail,Fail
1194,18,83,10.3,7,7.7,89.9,Bachelor,71.3,C,Pass
1195,16,87,19.9,6,8.0,88.0,None,69.5,C,Pass
1196,18,76,19.5,4,7.4,84.4,Bachelor,94.3,A,Pass
1197,17,81,12.1,7,8.2,85.6,Bachelor,53.1,Fail,Fail
1198,18,80,19.0,3,6.3,81.2,Bachelor,70.4,C,Pass
1199,17,90,16.7,2,7.7,96.2,Bachelor,90.6,A,Pass
1200,19,89,14.7,8,6.4,70.2,Bachelor,44.3,Fail,Fail
